ID,Title,Iteration Path,State,User story owner,QA's Assigned,Developer,Story Size,Story Status,Release date,Development Status,Testing on Demo Status,QA Sign Off,Sunil's Sign Off,Final Demo 1 on Demo env,Deployment on Dev,Dev Env.,Deployment on QA ,Final Demo 2 on QA Env.,QA Env.,Live,Overall Status,Comment
37412,WEB | Project & Budget | Revamp project & budget with the new design (Part 1 - Use case 1 to 9 and 12),Solo Expenses\2026\Iteration 2026 06-June,New,Chhavi,,Arpit Bhardwaj ,Big,Complete,2026 August,Inprogress,,,,,,,,,,,,
37002,WEB | TAX - GLOBAL TAX & POLICY - Archana,Solo Expenses\2026\Iteration 2026 08-August,New,Geetika,,Archana Pandey ,Big,Incomplete,2026 September,,,,,,,,,,,,,
41470,Enhancement 41470: WEB | Project & Budget | Revamp project & budget with the new design (Part 2 - Use case 13 to 17 ),Solo Expenses\2026\Iteration 2026 08-August,New,Chhavi,,Arpit Bhardwaj ,Big,Incomplete,2026 September,,,,,,,,,,,,,
35468,WEB | Billing | Billing - Phase 2 (Archana),Solo Expenses\2026\Iteration 2026 06-June,Complete,Chhavi,"Nancy, Satyarth, Vineeta",Archana Pandey ,Big,Complete,2026 July,Complete,"Complete 
5th June","Complete 
5th June","Complete 
8th June 2026","Complete 
11th June 2026",7/1/2026,ETA: 15-7-2026,ETA: 16-7-2026,,ETA: 20-7-2026,ETA: 21-7-2026,,
35016,WEB | Enhancement - Quick Setup - Archana,Solo Expenses\2026\Iteration 2026 03-March,Watch List,Geetika,"Vineeta, Kunal",Archana Pandey ,Big,Complete,2026 April,Completed,Completed,Completed,Completed,Completed,,4/17/2026,,,4/22/2026,4/23/2026,,
32640,Web |Mileage Heatmap (Story to be added),Solo Expenses\2026\Iteration 2026 11-November,New,Chhavi,,Nitesh Bagdi,Big,Incomplete,2026 December,,,,,,,,,,,,,
32615,Web |Weekend Working Policy,Solo Expenses\2027\Iteration 2027 01-Januari,New,Geetika,,Nitesh Bagdi,Big,Incomplete,2027 February,,,,,,,"Thursday, June 18, 2026",,,"Tuesday, June 23, 2026","Wednesday, June 24, 2026",,
38892,Approver / Claimant Dashboard,Solo Expenses\2026\Iteration 2026 07-July,New,Chhavi,,Shivi Prajapati ,Medium,Complete,2026 August,,,,,,,,,,,,,
36950,WEB | Integration - Integration with Travel Perks,Solo Expenses\2026\Iteration 2026 06-June,New,Geetika,,Rajesh K,Medium,Incomplete,2026 August,,,,,,,,,,,,,
38302,WEB | AI Chatbot,Solo Expenses\2026\Iteration 2026 06-June,New,Geetika,,Rajesh K,Medium,Complete,2026 August,,,,,,,,,,,,,
35010,iOS | Enhancement - Voice Activation Phase 1,Solo Expenses\2026\Iteration 2026 01-January,Tester Assigned,Geetika,,Dolly Munjal ,Medium,Complete,2026 August,,,,,,,,,,,,,
40182,WEB | Pliant,Solo Expenses\2026\Iteration 2026 06-June,Dev Complete,Geetika,"Kunal, Mayank",Rajesh K,Medium,Complete,2026 July Hotfix,Dev Complete,,,,,,,,,,,,
40593,"WEB | Your -Organization part 2 (new design) - Redesign of Carbon footprint, file uploader, manage rate & history",Solo Expenses\2026\Iteration 2026 06-June,Complete,Chhavi,"Vineeta,Nitin and Mayank",Shivi Prajapati ,Medium,Complete,2026 July,"Inprogress 
Foreign Exchange 
12th June 2026",6/18/2026,6/18/2026,6/19/2026,6/22/2026,7/1/2026,ETA: 15-7-2026,ETA: 16-7-2026,,ETA: 20-7-2026,ETA: 21-7-2026,,"We will fix the feedbacks related to UI and lazy loading with this enhancement. 

Create separate enhancement for panel redesign for August release - Shivi will work on it after the lazy loading."
40564,WEB | API Deck - Dynamics Integration,Solo Expenses\2026\Iteration 2026 04-April,Dev complete,Geetika,"Nitin, Mayank",Dhananjai,Medium,Complete,2026 May,Complete,NA,NA,NA,NA,ETA: 4-05-2026,15th May 2026,,,20th May 2026,21st May 2026,,"This item was resolved on 06-05-2026

The deployment was done directly on the dev env as it was a backend change and this has been communicated with the management team as well."
39948,Electric Car Dashboard,Solo Expenses\2026\Iteration 2026 07-July,New,Chhavi,,Nitesh Bagdi,Medium,Complete,2026 August,,,,,,,,,,,,,
40565,WEB | API Deck - NetSuite Integration,Solo Expenses\2026\Iteration 2026 04-April,Dev complete,Geetika,"Nitin, Mayank",Dhananjai,Medium,Complete,2026 May,Complete,NA,NA,NA,NA,ETA: 4-05-2026,15th May 2026,,,20th May 2026,21st May 2026,,"This item was resolved on 06-05-2026

The deployment was done directly on the dev env as it was a backend change and this has been communicated with the management team as well."
37583,"WEB | Your -Organization part 1 (new design) - Redesign of Your Organisation Setup, Delete Test Data and Pre-Approval",Solo Expenses\2026\Iteration 2026 04-April,Dev complete,Chhavi,"Nitin, Vineeta",Shivi Prajapati ,Medium,Complete,2026 May,Complete,Complete,Complete,"
ETA: 23-04-2026",ETA: 24-04-2026,ETA: 30-04-2026,15th May 2026,,,20th May 2026,21st May 2026,,"There is one feedback we need to discuss with Sunita, Arjan to discuss the placement of unsubscribe button inside the feature (pre-approval)(found in today's demo call with sunil - 21st April)
This has been done along with adding the search button add on view currency panel"
35786,Android | Enhancement - Voice Activation Phase 1,Solo Expenses\2025\Iteration 2025 12-December,Tester Assigned,Geetika,,Jyoti Dahiya ,Medium,Complete,2026 August,,,,,,,,,,,,,
32620,Web |Laundry Policy (Story to be added),Solo Expenses\2027\Iteration 2027 02-Februari,New,Chhavi,,Arpit Bhardwaj ,Big,Not Required,2027 August,,,,,,,,,,,,,
37388,Android | TAX | Canadian Tax Rate implementation in Create Expense form,Solo Expenses\2026\Iteration 2026 08-August,New,Geetika,,Jyoti Dahiya ,Medium,Complete,2026 September,,,,,,,,,,,,,
37389,iOS | TAX | Canadian Tax Rate implementation in Create Expense form,Solo Expenses\2026\Iteration 2026 08-August,New,Geetika,,Dolly Munjal ,Medium,Complete,2026 September,,,,,,,,,,,,,
32182,"Web | Audit trail : Container Support, Pre Approval Support and UI / UX improvement (refer use case 8 and 9)",Solo Expenses\2026\Iteration 2026 08-August,Active,Sunil,,Arpit Bhardwaj ,Medium,Complete,2026 September,,,,,,,,,,,,,
36636,Web | TAX | Canadian Tax Rate implementation in tax setup,Solo Expenses\2026\Iteration 2026 08-August,Clarification,Geetika,,Rajesh K,Medium,Complete,2026 September,,,,,,,,,,,,,
38782,WEB | Credit Card - Drag & Drop | Amy Glasgow(amy.glasgow@expenseondemand.com)|Issue - Cardholder Assignment Not Reflecting in Credit Card Dashboard after CC was assigned to Claimant after importing transactions,Solo Expenses\2026\Iteration 2026 06-June,Complete,Geetika,"Kunal, Nitin",Rajesh K,Small,Complete,2026 July,Complete,6/15/2026,6/16/2026,6/16/2026,6/17/2026,7/1/2026,ETA: 15-7-2026,ETA: 16-7-2026,,ETA: 20-7-2026,ETA: 21-7-2026,,
32622,Web | Time Recording (Story to be added),Solo Expenses\2027\Iteration 2027 01-Januari,New,Geetika,,Pranjal Jindal,Big,Incomplete,2027 February,,,,,,,,,,,,,
35008,WEB | Enhancement - Voice Activation Phase 1,Solo Expenses\2026\Iteration 2026 01-January,Tester Assigned,Geetika,,Rajesh K,Small,Complete,2026 August,,,,,,,,,,,,,
37937,Web | Export: Improve export panel messaging with radio-based option selection,Solo Expenses\2026\Iteration 2026 02-February,Testing,Geetika,"Nitin, Mayank",Rajesh K ,Very small,Complete,2026 April,Completed,Completed,Completed,Completed,Completed,,4/17/2026,,,4/22/2026,4/23/2026,,
35965,WEB & mobile | Use Case 19 | Customer Requirement - Harris Balcombe | Mileage | HMRC has introduced a new dual fuel rate (for vehicles that can be charged both via public charging and home charging).,Solo Expenses\2026\Iteration 2026 03-March,Active,Chhavi,"Nancy, Vineeta",Nitesh Bagdi ,Small,Complete,2026 April,Completed,4/14/2026,4/14/2026,4/14/2026,4/14/2026,4/14/2026,4/17/2026,,,4/22/2026,4/23/2026,,
36381/38449,"WEB | Mileage | Use Case 2 | ""You are trialing Mileage"" Screen should not come while exploring Mileage after Registering new Subscription.",Solo Expenses\2026\Iteration 2026 03-March,Active,Chhavi,"Nancy, Vineeta",Nitesh Bagdi ,Small,Complete,2026 April,Completed,4/14/2026,4/14/2026,4/14/2026,4/14/2026,4/14/2026,4/17/2026,,,4/22/2026,4/23/2026,,
36698,"WEB | Customer - Immediate Media | Delegate - Email Receipts | Use Case 14 | Delegate use their mail and include delegator in ""CC"" in email to send them the receipts",Solo Expenses\2026\Iteration 2026 03-March,Watch List,Chhavi,"Vineeta, Shubham",Rajesh K ,Small,Complete,2026 April,Completed,Completed,Completed,Completed,Completed,,4/17/2026,,,4/22/2026,4/23/2026,,
38842,WEB | Credit Card (Import) | Drag & Drop Upload Bypasses Digits Validation for Card Number field in Credit Card Statements for Import and Allows only 4-Digit Card Numbers,Solo Expenses\2026\Iteration 2026 03-March,Testing,Geetika,"Nitin, Mayank",Rajesh K ,Very small,Complete,2026 April,Completed,Completed,Completed,Completed,Completed,,4/17/2026,,,4/22/2026,4/23/2026,,
38187,Mobile | Use Case 35 | When scanning needs an area where the user can add a note for later use - especially when the transactions come in,Solo Expenses\2026\Iteration 2026 04-April,Dev Complete,Chhavi,"Mayank, Kunal",Dolly Munjal ,Small,Complete,2026 June,Completed,5/20/2026,5/20/2026,5/20/2026,"Friday, May 22, 2026","Friday, May 29, 2026","Wednesday, June 24, 2026","Thursday, June 25, 2026","Friday, June 26, 2026","Monday, June 29, 2026","Tuesday, June 30, 2026",,
40448,"WEB | Enhancement - Quick Setup - Currency symbols to be replaced with name currency name, like INR, GBP",Solo Expenses\2026\Iteration 2026 04-April,Dev Complete,Geetika,"Vineeta, Kunal",Archana Pandey ,Very small,Complete,2026 April Hotfix,Completed,ETA: 24-04-2026,ETA: 24-04-2026,ETA: 24-04-2026,ETA: 24-04-2026,,,"Thursday, June 25, 2026",,ETA: 27-04-2026, 28-04-2026,,
36276,WEB | Export | While Exporting Expense Count is showing 4 instead of 8 because of Multiple tax rates in expenses.,Solo Expenses\2026\Iteration 2026 04-April,Dev complete,Geetika,"Nitin, Mayank",Rajesh K ,Very small,Complete,2026 May,Completed,Complete,Complete,Complete,ETA: 30-04-2026,ETA: 30-04-2026,15th May 2026,"Thursday, June 25, 2026",,20th May 2026,21st May 2026,,
38147,"Web | Xero (Export - Log) | When hovering over the error icon, the message “Account Code or ID must be specified” is shown twice, causing duplicate error text to be displayed to the user",Solo Expenses\2026\Iteration 2026 04-April,Dev complete,Geetika,"Nitin, Mayank",Rajesh K ,Very small,Complete,2026 May,Completed,Complete,Complete ,Complete,ETA: 30-04-2026,ETA: 30-04-2026,15th May 2026,"Thursday, June 25, 2026",,20th May 2026,21st May 2026,,
39667,Web & Mobile | Credit Card (Issue identified when reviewing the Customer Data - SirenCraftBrew) - Dismiss action missing for Rejected Credit Card expense items,Solo Expenses\2026\Iteration 2026 04-April,New,Geetika,"Nitin, Vineeta",Archana Pandey ,Very small,Complete,2026 April Hotfix,Completed,"Web testing done - 24-4-2026
Mobile testing done on QA env :28-04-2026","Web signed off - 24-4-2026
Mobile signed off on QA env -28-04-2026","Web sign off done on demo env
Mobile sign off done on QA env - 29-04-2026","Web sign off done on demo env - 24-4-2026
Mobile sign off done on QA env - 29-04-2026 ",,,,,"Deployed on 28-4-2026
",ETA:08-05-2026,,"Demo env is not stable so sign off will be done on QA env for mobile

Planned for April Hotfix 2"
40242,Mobile - Receipt Capture | Use Case 44 | Customer Issue - Talleys Group - Stephanie Smalley (stephanie.smalley@talleysgroup.nz) | Receipt Capture Overlay Blocks Visual Confirmation,Solo Expenses\2026\Iteration 2026 04-April,Request Estimate,Chhavi,"Nitin, Shubham","Dolly Munjal,Jyoti Dahiya",Very small,Complete,2026 April Hotfix,Completed,ETA: 24-04-2026,ETA: 24-04-2026,ETA: 24-04-2026,ETA: 24-04-2026,,,,,ETA: 24-04-2026,ETA: 27-04-2026,,
33716,Web | There should be a search field to find the currency,Solo Expenses\2026\Iteration 2026 04-April,Dev complete,Chhavi,"Nitin, Vineeta",Shivi Prajapati ,Very Small,Complete,2026 May,Completed,Complete,ETA: 30-04-2026,ETA: 30-04-2026,ETA: 30-04-2026,ETA: 30-04-2026,15th May 2026,,,20th May 2026,21st May 2026,,Shivi was on leave on 27th and 28th April
39423,Enhancement 39423: WEB & Mobile | Use case 23 | Mileage | Customer Requirement: JOSH | Add upto 4 decimal places to support US regulations,Solo Expenses\2026\Iteration 2026 04-April,Dev complete,Chhavi,"Nancy, Satyarth,Vineeta","Nitesh, Dhananjai, Dolly and Jyoti",Very small,Complete,2026 April Hotfix,"Web - Complete and Deployed on Demo
Mobile - 04-05-2026",ETA: 05-05-2026,ETA: 05-05-2026,ETA: 05-05-2026,ETA: 05-05-2026,,,,,ETA: 07-05-2026,ETA:08-05-2026,,
40447,WEB | Enhancement - Quick Setup - Dual checkbox validation message,Solo Expenses\2026\Iteration 2026 04-April,Dev Complete,Geetika,"Vineeta, Kunal",Archana Pandey ,Very small,Complete,2026 April Hotfix,Completed,ETA: 24-04-2026,ETA: 24-04-2026,ETA: 24-04-2026,ETA: 24-04-2026,,,,,ETA: 27-04-2026, 28-04-2026,,
38228,"WEB | Credit Card - During statement import, if there are more negative entries, verify that negative amounts are expenses and positive amounts are refunds or payments.",Solo Expenses\2026\Iteration 2026 05-May,Dev complete,Geetika,"Kunal, Vineeta, Nitin",Rajesh K ,Small,Complete,2026 May Hotfix,Completed,26-5-2026,26-5-2026,5/27/2026,NA,NA,NA,6/2/2026,6/2/2026,6/4/2026,6/5/2026,,
39516,WEB | Credit Card - Multi Currency in credit card statement handling,Solo Expenses\2026\Iteration 2026 05-May,Dev complete,Geetika,"Kunal, Vineeta, Nitin",Rajesh K ,Small,Complete,2026 May Hotfix,Completed,9/6/2026,6/9/2026,6/9/2026,NA,NA,NA,6/10/2026,6/11/2026,6/16/2026,6/17/2026,,
40217,WEB | Smart Scan | Use Case 35 |Add notes feature to be given in web as well,Solo Expenses\2026\Iteration 2026 05-May,Dev Complete,Chhavi,"Mayank, Kunal",Rajesh K ,Small,Complete,2026 June,Completed,5/20/2026,5/20/2026,5/20/2026,"Friday, May 22, 2026","Friday, May 29, 2026","Wednesday, June 24, 2026","Thursday, June 25, 2026","Friday, June 26, 2026","Monday, June 29, 2026","Tuesday, June 30, 2026",,
37397,WEB | Credit Card - Drag & drop improvements,Solo Expenses\2026\Iteration 2026 05-May,Dev complete,Geetika,"Kunal, Vineeta, Nitin",Rajesh K ,Small,Complete,2026 May Hotfix,Completed,28-5-2026,28-5-2026,28-5-2026,NA,NA,NA,"Thursday, June 25, 2026",6/2/2026,6/4/2026,6/5/2026,,
32623,Web | Travel (Story to be added),Solo Expenses\2026\Iteration 2026 12-December,New,Geetika,,Archana Pandey ,Big,Incomplete,2027 March,,,,,,,,"Thursday, June 25, 2026",,,,,
40047,WEB | Credit Card - Cards are assigned to Claimants and then matched in Xero,Solo Expenses\2026\Iteration 2026 05-May,Dev complete,Geetika,"Kunal, Vineeta, Nitin",Rajesh K ,Small,Complete,2026 May Hotfix,Completed,6/9/2026,6/9/2026,6/9/2026,NA,NA,NA,"Thursday, June 25, 2026",6/11/2026,6/16/2026,6/17/2026,,
32624,Web | FC/Cash Allowance function (Story to be added),Solo Expenses\2027\Iteration 2027 01-Januari,New,Chhavi,,Nitesh Bagdi,Big,Not Required,2027 February,,,,,,,,,,,,,
41267,Enhancement 41267: Android | Credit Card - Multi Currency in credit card statement handling,Solo Expenses\2026\Iteration 2026 05-May,Dev complete,Geetika,"Kunal, Vineeta, Nitin",Sagar,Small,Complete,2026 May Hotfix,Completed,6/9/2026,6/9/2026,6/9/2026,NA,NA,NA,6/10/2026,6/11/2026,6/16/2026,6/17/2026,,
41268,Enhancement 41268: iOS | Credit Card - Multi Currency in credit card statement handling,Solo Expenses\2026\Iteration 2026 05-May,Dev complete,Geetika,"Kunal, Vineeta, Nitin",Dolly,Small,Complete,2026 May Hotfix,Completed,6/9/2026,6/9/2026,6/9/2026,NA,NA,NA,6/10/2026,6/11/2026,6/16/2026,6/17/2026,,
37047,"WEB | Smart Scan | Use Case 19 | In case a receipt is captured and ""Save & Scan"", The receipt summary is not being displayed on WEB & Due to this from the mobile end when on ""Discard Values"" is clicked the values are still persisting",Solo Expenses\2026\Iteration 2026 05-May,Dev Complete,Chhavi,"Satyarth,Nancy,Vineeta",Dhananjai Kalra ,Very small,Complete,2026 June,Completed,Complete,5/20/2026,5/20/2026,"Friday, May 22, 2026","Friday, May 29, 2026","Wednesday, June 24, 2026","Thursday, June 25, 2026","Friday, June 26, 2026","Monday, June 29, 2026","Tuesday, June 30, 2026",,
38059,WEB & Mobile | internal | Mileage |Use Case 24| There is no option to remove Passenger & Load from the expense form if it is selected once by the user on all three platforms,Solo Expenses\2026\Iteration 2026 05-May,Dev Complete,Chhavi,"Satyarth,Nancy,Vineeta","Nitesh Bagdi, Dolly, Jyoti",Very small,Complete,2026 June,Completed,Complete,"Complete
18-05-2026",5/20/2026,"Friday, May 22, 2026","Friday, May 29, 2026","Wednesday, June 24, 2026","Thursday, June 25, 2026","Friday, June 26, 2026","Monday, June 29, 2026","Tuesday, June 30, 2026",,
39105,WEB : Credit Card - Credit Card Statement Headers for the Columns to be Changed and Column 'Card Holder to be either hidden or displayed at the end,Solo Expenses\2026\Iteration 2026 05-May,Dev Complete,Geetika,"Kunal, Vineeta",Rajesh K ,Very small,Complete,2026 June,Completed,5/22/2026,5/22/2026,NA,NA,"Friday, May 29, 2026","Wednesday, June 24, 2026","Thursday, June 25, 2026",NA,"Monday, June 29, 2026","Tuesday, June 30, 2026",,Demos not applicable as it is a very small enhancement
36388,WEB | Create Expense | Use case 1 & 2 | Provide Claimant the option to move a receipt from their Desktop folder into Cash or Company Credit Card,Solo Expenses\2026\Iteration 2026 04-April,Active,Rajesh K,"Mayank, Satyarth",Rajesh K ,Small,Complete,2026 March Hotfix,Completed,Completed,Completed,Completed,ETA:28-04-2026,,NA,"Thursday, June 25, 2026",,6/2/2026,"Monday, April 13, 2026",,
40986,Web | Export | Customer Issue - HWF Partners (Lucy Hodges<lucy.hodges@hwfpartners.com>) - Export Report Not Working,Solo Expenses\2026\Iteration 2026 05-May,Dev complete,Geetika,"Nitin, Vineeta",Rajesh K ,Very Small,Complete,2026 May Hotfix,Completed,5/29/2026,6/1/2026,5/29/2026,NA,NA,NA,6/2/2026,6/2/2026,6/4/2026,6/5/2026,,It's a very small enhancement
41014,WEB | Xero Export - Receipts | Customer Issue - Dawn Whitehead - Finance (finance@hwfpartners.com) | Receipt not fed to Xero,Solo Expenses\2026\Iteration 2026 05-May,Dev complete,Geetika,"Nitin, Vineeta",Rajesh K ,Very Small,Complete,2026 May Hotfix,Completed,5/29/2026,6/1/2026,5/29/2026,NA,NA,NA,6/2/2026,6/2/2026,6/4/2026,6/5/2026,,It's a very small enhancement
32923,WEB | Use case 11 | Mileage Fuel Card / NR | Effective Date of NR/FC to be added as 1st Apr of the current financial year,Solo Expenses\2026\Iteration 2026 07-July,Complete,Chhavi,"Nancy, Satyarth, Vineeta",Dhananjai Kalra,Small,Complete,2026 August,Completed,6/12/2026,6/12/2026,6/16/2026,,,,,,,,,
34415,Mobile | Use case 17 | Mileage Google - Provides information to the user about the Return Journey feature. An information / alert panel if the user enters the same location in source and destination and uses Detour to claim mileage.,Solo Expenses\2026\Iteration 2026 06-June,Complete,Chhavi,"Nancy, Satyarth, Vineeta",Dolly Munjal ,Small,Complete,2026 July,Completed,"Complete
11th June 2026","Complete
11th June 2026",6/16/2026,6/18/2026,7/1/2026,ETA: 15-7-2026,ETA: 16-7-2026,,ETA: 20-7-2026,ETA: 21-7-2026,,
32628,Web |Sales Funnel (Story to be added),Solo Expenses\2027\Iteration 2027 02-Februari,New,Geetika,,Rajesh K,Big,Not Required,2027 August,,,,,,,,,,,,,
32648,Web | Accountancy Practice + REFER and Earn (Story to be added),Solo Expenses\2026\Iteration 2026 12-December,New,Geetika,,Rajesh K,Big,Not Required,2027 August,,,,,,,,,,,,,
35823,iOS | Customer Issue - Yorkshire Sport | Use case 9 | Error When Selecting Non-Default Vehicle and Claiming for Past Dates,Solo Expenses\2026\Iteration 2026 06-June,Active,Chhavi,"Nancy, Satyarth, Vineeta",Dolly Munjal ,Small,Incomplete,2026 August,,,,,,,,,,,,,
36312,WEB | Mileage | Use case 14 | Passenger and Load screen is coming after adding new vehicle type even if passenger and load is not setup.,Solo Expenses\2026\Iteration 2026 06-June,Complete,Chhavi,"Nancy, Satyarth, Vineeta",Nitesh Bagdi,Small,Complete,2026 July,Completed,"Complete
11th June 2026","Complete
11th June 2026",6/16/2026,6/18/2026,7/1/2026,ETA: 15-7-2026,ETA: 16-7-2026,,ETA: 20-7-2026,ETA: 21-7-2026,,
36735,WEB | Scan | Use case 20 | Future Date Expense Handling,Solo Expenses\2026\Iteration 2026 06-June,Complete,Chhavi,"Mayank, Kunal",Rajesh K,Small,Complete,2026 July,Completed,6/15/2026,6/15/2026,6/16/2026,6/18/2026,7/1/2026,ETA: 15-7-2026,ETA: 16-7-2026,,ETA: 20-7-2026,ETA: 21-7-2026,,
39130,WEB | Integrations | Ability to use more than 1 integration when multiple country / company is setup and assign to different entities,Solo Expenses\2026\Iteration 2026 06-June,Complete,Geetika,"Mayank, Nitin",Rajesh K,Small,Complete,2026 July,Completed,6/15/2026,6/15/2026,6/16/2026,6/17/2026,7/1/2026,ETA: 15-7-2026,ETA: 16-7-2026,,ETA: 20-7-2026,ETA: 21-7-2026,,
38450,"WEB & Mobile | Use Case 6 | Mileage | By Default, set the Google calls character input to 8, and allow the FM can change it",Solo Expenses\2026\Iteration 2026 06-June,Complete,Chhavi,"Satyarth,Nancy,Vineeta",Nitesh Bagdi,Small,Complete,2026 July,Completed,"Complete
11th June 2026","Complete
11th June 2026",6/16/2026,6/18/2026,7/1/2026,ETA: 15-7-2026,ETA: 16-7-2026,,ETA: 20-7-2026,ETA: 21-7-2026,,
39437,iOS | AI Chatbot,Solo Expenses\2026\Iteration 2026 06-June,New,Geetika,,Dolly Munjal ,Small,Complete,2026 August,,,,,,,,,,,,,
39870,"Mobile | Android | Login, Forgot password redesign (new design system)",Solo Expenses\2026\Iteration 2026 06-June,Dev Complete,Geetika,"Nitin, Vineeta",Jyoti Dahiya ,Small,Complete,2026 July Hotfix,Dev Complete,,,,,,,,,,,,
39872,Mobile | Android | Profile - redesign (new design system),Solo Expenses\2026\Iteration 2026 06-June,Dev Complete,Geetika,"Nitin, Vineeta",Sagar Khurana ,Small,Complete,2026 July Hotfix,Dev Complete,,,,,,,,,,,,
40200,Mobile | Android | Dashboard redesign (new design system),Solo Expenses\2026\Iteration 2026 06-June,Dev Complete,Geetika,"Nitin, Vineeta",Jyoti Dahiya ,Small,Complete,2026 July Hotfix,Dev Complete,,,,,,,,,,,,
40201,"Mobile | iOS | Login, Forgot password redesign (new design system)",Solo Expenses\2026\Iteration 2026 06-June,Dev Complete,Geetika,"Nitin, Vineeta",Dolly Munjal ,Small,Complete,2026 July Hotfix,Dev Complete,,,,,,,,,,,,
40202,Mobile | iOS | Dashboard redesign (new design system),Solo Expenses\2026\Iteration 2026 06-June,Dev Complete,Geetika,"Nitin, Vineeta",Nishtha Arora,Small,Complete,2026 July Hotfix,Dev Complete,,,,,,,,,,,,
40203,Mobile | iOS | Profile - redesign (new design system),Solo Expenses\2026\Iteration 2026 06-June,Dev Complete,Geetika,"Nitin, Vineeta",Dolly Munjal ,Small,Complete,2026 July Hotfix,Dev Complete,,,,,,,,,,,,
40283,Mobile | Android | Status list and Item List redesign (new design system),Solo Expenses\2026\Iteration 2026 06-June,New,Geetika,"Nitin, Vineeta",Sagar Khurana ,Small,Incomplete,2026 July Hotfix,,,,,,,,,,,,,
40285,Mobile | Android | Capture Receipt design (new design system),Solo Expenses\2026\Iteration 2026 06-June,New,Geetika,"Nitin, Vineeta",Sagar Khurana ,Small,Incomplete,2026 July Hotfix,,,,,,,,,,,,,
40266,WEB | Separate the keys for incomplete cash expense string for expense list and claim form,Solo Expenses\2026\Iteration 2026 04-April,Estimated,,Sunita,Shivi Prajapati ,Very small,Not Required,2026 April,Completed,Not Required,Not Required,Not Required,Not Required,,4/17/2026,,,4/22/2026,4/23/2026,,
40302,Mobile | iOS | Capture Receipt design (new design system),Solo Expenses\2026\Iteration 2026 06-June,New,Geetika,"Nitin, Vineeta",Nishtha Arora,Small,Incomplete,2026 July Hotfix,,,,,,,,,,,,,
40312,Mobile | iOS | Status list and Item List redesign (new design system),Solo Expenses\2026\Iteration 2026 06-June,New,Geetika,"Nitin, Vineeta",Nishtha Arora,Small,Incomplete,2026 July Hotfix,,,,,,,,,,,,,
40287,Mobile | Android | Item detail design (new design system),Solo Expenses\2026\Iteration 2026 06-June,New,Geetika,"Nitin, Vineeta",Sagar Khurana ,Small,Incomplete,2026 August Hotfix,,,,,,,,,,,,,
40303,Mobile | iOS | Item detail design (new design system),Solo Expenses\2026\Iteration 2026 06-June,New,Geetika,"Nitin, Vineeta",Nishtha Arora,Small,Incomplete,2026 August Hotfix,,,,,,,,,,,,,
32659,Split Non-Reimbursable Fuel into Mileage and Cost of Fuel (Story to be added),Solo Expenses\2027\Iteration 2027 01-Januari,New,Chhavi,,Nitesh Bagdi,Big,Not Required,2027 February,,,,,,,,,,,,,
39435,Android | AI Chatbot,Solo Expenses\2026\Iteration 2026 06-June,New,Geetika,,Jyoti Dahiya ,Small,Complete,2026 August,,,,,,,,,,,,,
35045,Mobile | Security - Face ID / Fingerprint / Passcode - After enabling it why does it still show me the email to login,Solo Expenses\2026\Iteration 2026 06-June,New,Geetika,"Nitin, Vineeta",Dolly Munjal ,Small,Incomplete,2026 July Hotfix,,,,,,,,,,,,,
32689,Web | Expense Policy - Hourly Rate Limit + Category changes,Solo Expenses\2027\Iteration 2027 01-Januari,New,Chhavi,,Nitesh Bagdi,Big,Incomplete,2027 February,,,,,,,,,,,,,
35487,Web | Sales Administrator Module (Story to be added),Solo Expenses\2026\Iteration 2026 12-December,New,Geetika,,Archana Pandey ,Big,Not Required,2027 August,,,,,,,,,,,,,
35488,Web | Sales Manager Module (Story to be added),Solo Expenses\2027\Iteration 2027 02-Februari,New,Geetika,,Rajesh K,Big,Not Required,2027 August,,,,,,,,,,,,,
37112,WEB & Mobile | Mileage | Use case 15 | Customer Issue - SWNS - Vicki Clark (vicki.clark@swns.com) | Cycle rate not showing when claiming mileage using the cycle assigned to the customer.,Solo Expenses\2026\Iteration 2026 06-June,Active,Chhavi,"Nancy, Satyarth, Vineeta",Nitesh Bagdi,Small,Incomplete,2026 August,,,,,,,,,,,,,
40541,WEB | Sub Admin - Finance Managers - Reports | List of customers (Finance Managers) need them clarify which are prospects and which are paying customers in the list (December),Solo Expenses\2026\Iteration 2026 11-November,New,Geetika,,Rajesh K,Small,Not Required,2026 December,,,,,,,,,,,,,
35493,WEB | Sales Distributor Module,Solo Expenses\2026\Iteration 2026 12-December,New,Chhavi,,Nitesh Bagdi,Big,Not Required,2027 August,,,,,,,,,,,,,
39519,WEB | AI Architecture,Solo Expenses\2027\Iteration 2027 03-March,New,Geetika,,Rajesh K,Big,Incomplete,2027 April,,,,,,,,,ETA: 10-6-2026,,,,
29802,WEB | Use Case 3 | Passenger & Load Miles | The Step 3 does not state that the rule is an exception for Home Based Employees,Solo Expenses\2026\Iteration 2026 06-June,Complete,Chhavi,"Nancy, Satyarth, Vineeta",Dhananjai Kalra,Very small,Complete,2026 July,Completed,6/15/2026,6/15/2026,6/16/2026,6/18/2026,7/1/2026,ETA: 15-7-2026,ETA: 16-7-2026,,ETA: 20-7-2026,ETA: 21-7-2026,,
40238,WEB | Pricing | Vendor Pricing:   In the App & in the Sub-manager,Solo Expenses\2026\Iteration 2026 07-July,New,Chhavi,,Archana Pandey ,Medium,Incomplete,2026 September,,,,,,,,,,,,,
35463,Web | AP Automation (Vendor) - Phase 2,Solo Expenses\2026\Iteration 2026 07-July,New,Sunil,,Nitesh Bagdi,Medium,Incomplete,2026 September,,,,,,,,,,,,,
34414,WEB | Use case 17 | Mileage Google - Provides information to the user about the Return Journey feature. An information / alert panel if the user enters the same location in source and destination and uses Detour to claim mileage.,Solo Expenses\2026\Iteration 2026 06-June,Complete,Chhavi,"Nancy, Satyarth, Vineeta",Nitesh Bagdi,Very small,Complete,2026 July,Completed,"Complete
11th June 2026","Complete
11th June 2026",6/16/2026,6/18/2026,7/1/2026,ETA: 15-7-2026,ETA: 16-7-2026,,ETA: 20-7-2026,ETA: 21-7-2026,,
29574,WEB: Export Report - Download a CSV/Excel - how do we know which items has receipt attached?,Solo Expenses\2026\Iteration 2026 11-November,Clarification,Geetika,,Rajesh K,Small,Not Required,2026 December,,,,,,,,,,,,,
32601,Web | Update Foreign Exchange story with a use case for automatic feed (October),Solo Expenses\2026\Iteration 2026 10-October,New,Geetika,,Arpit Bhardwaj ,Medium,Incomplete,2026 November,,,,,,,,,,,,,
36508,Mobile | API | Create Expense | Use case 21 | Supplier field shows “N/A” in the Expense List when Quick Scanning is being performed — it should not appear. (Issue found in Collaboration Testing of Mobile with Chhavi),Solo Expenses\2026\Iteration 2026 06-June,Complete,Chhavi,"Mayank, Kunal",Dhananjai Kalra,Very small,Complete,2026 July,Completed,10th June 2026,10th June 2026,6/16/2026,6/18/2026,7/1/2026,ETA: 15-7-2026,ETA: 16-7-2026,,ETA: 20-7-2026,ETA: 21-7-2026,,
30004,Web | Expense List | Workflow Symbol / Icon is not visible to the Claimant on Web for a Claimant in New Subscription with no function Subscribed,Solo Expenses\2026\Iteration 2026 08-August,Reopened,Chhavi,,Dhananjai Kalra,Small,Not Required,2026 September,,,,,,,,,,,,,
41464,Enhancement 41464: Fraud Watch Dashboard,Solo Expenses\2026\Iteration 2026 10-October,New,Chhavi,,Archana Pandey,Medium,Incomplete,2026 November,,,,,,,,,,,,,
41469,Enhancement 41469: WEB | Project & Budget | Revamp project & budget with the new design (Part 3 - Use case 10 and 11 - Reservation ),Solo Expenses\2026\Iteration 2026 10-October,New,Chhavi,,Arpit Bhardwaj ,Medium,Incomplete,2026 November,,,,,,,,,,,,,
39902,WEB | Per Diem,Solo Expenses\2026\Iteration 2026 08-August,New,Chhavi,,Rajesh K,Medium,Incomplete,2026 September,,,,,,,,,,,,,
30662,"WEB: Counter Approver - scroll bar has now appeared again where really it is not necessary, and we need to see all the options - especially for new users (Story to be added)",Solo Expenses\2026\Iteration 2026 11-November,Clarification,Geetika,,Archana Pandey ,Small,Not Required,2026 December,,,,,,,,,,,,,
30981,"Android | Mileage - Mileage Google expense with Return Journey: View map shows total distance, but after expense submission only displays one-way distance on the view map",Solo Expenses\2026\Iteration 2026 02-February,Clarification,Chhavi,,Jyoti Dahiya ,Very small,Incomplete,2027 March,,,,,,,,,,,,,
30982,iOS | Mileage - Mileage Google expense with Return Journey: View map does not display total distance but displays only one way journey instead of with Return Journey,Solo Expenses\2026\Iteration 2026 02-February,Clarification,Chhavi,,Dolly Munjal ,Very small,Incomplete,2027 March,,,,,,,,,,,,,
36736,Android | Smart Scan | Use case 20 | Future Date Expense Handling,Solo Expenses\2026\Iteration 2026 06-June,Complete,Chhavi,"Mayank, Kunal",Sagar Khurana ,Very small,Complete,2026 July,Completed,6/15/2026,6/15/2026,6/16/2026,6/18/2026,7/1/2026,ETA: 15-7-2026,ETA: 16-7-2026,,ETA: 20-7-2026,ETA: 21-7-2026,,
36737,iOS | Smart Scan | Use case 20 | Future Date Expense Handling,Solo Expenses\2026\Iteration 2026 06-June,Complete,Chhavi,"Mayank, Kunal",Dolly Munjal ,Very small,Complete,2026 July,Completed,6/15/2026,6/15/2026,6/16/2026,6/18/2026,7/1/2026,ETA: 15-7-2026,ETA: 16-7-2026,,ETA: 20-7-2026,ETA: 21-7-2026,,
38244,"Web and Mobile | Use Case 21 | Mileage (Manual) | In the exploration pass, for mileage category for first 4 users, 0 amount mileage expense is allowed from web",Solo Expenses\2026\Iteration 2026 06-June,Complete,Chhavi,"Nancy, Satyarth, Vineeta",Dhananjai Kalra,Very small,Complete,2026 July,Completed,"Complete
11th June 2026","Complete
11th June 2026",6/16/2026,6/18/2026,7/1/2026,ETA: 15-7-2026,ETA: 16-7-2026,,ETA: 20-7-2026,ETA: 21-7-2026,,
38448,Web | Customer Requirement | Use case 1 | Customer is unable to use the Google Mileage service,Solo Expenses\2026\Iteration 2026 06-June,Complete,Chhavi,"Nancy, Satyarth, Vineeta",Nitesh Bagdi,Very small,Complete,2026 July,Completed,6/15/2026,6/15/2026,6/16/2026,6/18/2026,7/1/2026,ETA: 15-7-2026,ETA: 16-7-2026,,ETA: 20-7-2026,ETA: 21-7-2026,,
38918,Web  | No Receipt / With Tax / Without Tax - Update the Receipt panel logic and messaging to correctly reflect category settings when “No Receipt Required” is selected.,Solo Expenses\2026\Iteration 2026 06-June,Complete,Geetika,"Nancy, Shubham",Nitesh Bagdi,Very small,Complete,2026 July,Completed,6/16/2026,6/16/2026,6/16/2026,6/17/2026,7/1/2026,ETA: 15-7-2026,ETA: 16-7-2026,,ETA: 20-7-2026,ETA: 21-7-2026,,
31830,WEB | Employees & Approvers | Step 1 - Add & Manage Employees | Log button is not working due to large data.,Solo Expenses\2026\Iteration 2026 09-September,Request Estimate,Geetika,,Pranjal Jindal,Very small,Not Required,2026 October,,,,,,,,,,,,,
39275,WEB | Use Case 41 | Smart Scan | Accept Value UI to be implemented same as Voice,Solo Expenses\2026\Iteration 2026 06-June,Complete,Chhavi,"Mayank, Kunal",Sagar Khurana ,Very small,Complete,2026 July,Completed,10th June 2026,10th June 2026,6/16/2026,6/18/2026,7/1/2026,ETA: 15-7-2026,ETA: 16-7-2026,,ETA: 20-7-2026,ETA: 21-7-2026,,
32661,Manage Employee - Cerebrum (connecting all user fields with Manage Employee),Solo Expenses\2026\Iteration 2026 11-November,Estimated,Geetika,,Dhananjai Kalra,Medium,Incomplete,2026 December,,,,,,,,,,,,,
32674,Web |Marketing Panel's screenshot needs to be updated as the screenshot are old (Story to be added),Solo Expenses\2026\Iteration 2026 12-December,New,Chhavi,,Arpit Bhardwaj ,Medium,Incomplete,2027 January,,,,,,,,,,,,,
39276,Mobile | Use Case 41 | Smart Scan | Accept Value UI to be implemented same as Voice,Solo Expenses\2026\Iteration 2026 06-June,Complete,Chhavi,"Mayank, Kunal",Dolly Munjal ,Very small,Complete,2026 July,Completed,10th June 2026,10th June 2026,6/16/2026,6/18/2026,7/1/2026,ETA: 15-7-2026,ETA: 16-7-2026,,ETA: 20-7-2026,ETA: 21-7-2026,,
32685,Web |UBER API Connection (Story to be added),Solo Expenses\2026\Iteration 2026 12-December,New,Chhavi,,Arpit Bhardwaj ,Medium,Incomplete,2027 January,,,,,,,,,,,,,
32686,Web |OLA API Connection (Story to be added),Solo Expenses\2026\Iteration 2026 12-December,New,Chhavi,,Arpit Bhardwaj ,Medium,Incomplete,2027 January,,,,,,,,,,,,,
35092,WEB | Amazon Integration with ExpenseOnDemand,Solo Expenses\2026\Iteration 2026 12-December,New,Chhavi,,Arpit Bhardwaj ,Medium,Incomplete,2027 January,,,,,,,,,,,,,
37910,WEB | Customer Issue - HWF Partners (lucy.hodges@hwfpartners.com) | Split Option Missing for Credit Card Expense Transactions in Entertainment Category,Solo Expenses\2026\Iteration 2026 12-December,New,Geetika,,Rajesh K,Medium,Incomplete,2027 January,,,,,,,,,,,,,
30010,Web | Report Writer - New Custom Reports need to include fields of Expense Policies setup data and Claimant Justification Notes data.,Solo Expenses\2026\Iteration 2026 12-December,Clarification,Geetika,,Rajesh K,Medium,Incomplete,2027 August,,,,,,,,,,,,,
32613,(Story to be added) Mobile : Leave Management - Mobile Enhancement,Solo Expenses\2026\Iteration 2026 12-December,New,Geetika,,Dolly Munjal ,Small,Incomplete,2027 March,,,,,,,,,,,,,
40237,WEB | Pricing | Activity Consumption,Solo Expenses\2026\Iteration 2026 12-December,New,Chhavi,,Archana Pandey ,Medium,Incomplete,2027 January,,,,,,,,,,,,,
32607,Web | Leave Management - Calculation of Pro rata leaves and other enhancements,Solo Expenses\2027\Iteration 2027 02-Februari,New,Geetika,,Nitesh Bagdi,Medium,Incomplete,2027 August,,,,,,,,,,,,,
32610,Web |Counter Approval rule should apply to Cost Centre Approval. (Story to be added),Solo Expenses\2027\Iteration 2027 01-Januari,New,Geetika,,Archana Pandey ,Medium,Incomplete,2027 February,,,,,,,,,,,,,
32611,Web | Tips Enhancement in the Entertainment function (Story to be added),Solo Expenses\2026\Iteration 2026 12-December,New,Chhavi,,Pranjal Jindal,Medium,Incomplete,2027 April,,,,,,,,,,,,,
32618,Web |How do we upsell our discount function as a smart notification (Story to be added),Solo Expenses\2027\Iteration 2027 01-Januari,New,Geetika,,Nitesh Bagdi,Medium,Not Required,2027 February,,,,,,,,,,,,,
32625,Web | (Feedback from Customer) Add a quick query mechanism on Export (Save your default report) (Story to be added),Solo Expenses\2026\Iteration 2026 12-December,New,Chhavi,,Rajesh K,Medium,Incomplete,2027 March,,,,,,,,,,,,,
32637,Web |Negative Expenses  (Story to be added),Solo Expenses\2027\Iteration 2027 01-Januari,New,Geetika,,Archana Pandey ,Medium,Incomplete,2027 April,,,,,,,,,,,,,
32639,(Story to be added) Refer & Earn - Make the area more self efficient for the person who only wants to do referrals,Solo Expenses\2027\Iteration 2027 02-Februari,New,Geetika,,Dhananjai Kalra,Medium,Not Required,2027 August,,,,,,,,,,,,,
32644,Naming Convention (Story to be added),Solo Expenses\2027\Iteration 2027 01-Januari,New,Chhavi,,Dhananjai Kalra,Medium,Not Required,2027 February,,,,,,,,,,,,,
32692,"Web | WEB | Itemise Categories example Hotels, and split it into cost centres and/or customers | SPLIT Category into Multiple Customers/Cost Centres/Projects (Story to be added)",Solo Expenses\2026\Iteration 2026 12-December,New,Chhavi,,Nitesh Bagdi,Medium,Incomplete,2027 March,,,,,,,,,,,,,
32698,Web | Location - Split into multiple locations,Solo Expenses\2026\Iteration 2026 12-December,New,Geetika,,Rajesh K,Medium,Incomplete,2027 March,,,,,,,,,,,,,
32700,Web | Automatic Scheduler for exporting reports (),Solo Expenses\2026\Iteration 2026 12-December,New,Chhavi,,Rajesh K,Medium,Not Required,2027 March,,,,,,,,,,,,,
33898,Web | Mileage (Duty Of Care (DOC)) - Review DOC code to remove or rationalise the existing code,Solo Expenses\2027\Iteration 2027 02-Februari,Clarification,Sunil,,Nitesh Bagdi,Medium,Incomplete,2027 March,,,,,,,,,,,,,
32638,Mobile | Dark Mode (Mobile)(Story to be added),Solo Expenses\2026\Iteration 2026 12-December,New,Chhavi,,Dolly Munjal ,Medium,Incomplete,2027 March,,,,,,,,,,,,,
35472,WEB | Expense Policy Redesign,Solo Expenses\2026\Iteration 2026 12-December,New,Chhavi,,Archana Pandey ,Medium,Not Required,2027 March,,,,,,,,,,,,,
35671,"WEB | Escalation | Notifications and Reminders: Notifications are automatic and immediate, but users would prefer more control over timing, such as weekly reminders on a chosen day.  (To be done with the escalation function, P4, S4)",Solo Expenses\2026\Iteration 2026 12-December,New,Chhavi,,Nitesh Bagdi,Medium,Incomplete,2027 March,,,,,,,,,,,,,
35866,WEB | Customer Requirement: Freddie <turkeyconsulting.com> | The FM should be allowded to edit the expenses at Approval level before they come to the FM,Solo Expenses\2026\Iteration 2026 12-December,New,Chhavi,,Arpit Bhardwaj ,Medium,Incomplete,2027 March,,,,,,,,,,,,,
37310,"WEB | Drag and drop | Enhance the drag-and-drop behaviour for imports so that the correct window appears based on the function, and files are validated against the selected function before import.",Solo Expenses\2026\Iteration 2026 12-December,New,Geetika,,Rajesh K,Medium,Incomplete,2027 March,,,,,,,,,,,,,
37783,WEB | Rationalize (re-write) the DOC,Solo Expenses\2027\Iteration 2027 02-Februari,Estimated,Chhavi,,Dhananjai Kalra,Medium,Not Required,2027 March,,,,,,,,,,,,,
37787,WEB | Rationalize (re-write) the DOC,Solo Expenses\2027\Iteration 2027 02-Februari,New,Chhavi,,Nitesh Bagdi,Medium,Incomplete,2027 March,,,,,,,,,,,,,
37913,Web | Duplicate Checker | Global and Category-Level Criteria,Solo Expenses\2026\Iteration 2027 02-February,New,Geetika,,Archana Pandey ,Medium,Incomplete,2027 March,,,,,,,,,,,,,
41715,Enhancement 41715: WEB | New Onboarding,Solo Expenses\2026\Iteration 2026 06-June,New,Chhavi,"Kunal, Mayank, Vineeta",Archana ,Medium,Complete,,,,,,,,,,,,,,
40384,Create Expense | Improve UX,Solo Expenses\2026\Iteration 2026 06-June,New,,,Dhananjai Kalra,Small,Incomplete,2027 April,,,,,,,,,,,,,
32660,WEB | Create Expense | Copy Expense should be there on the web just like we have it on the Mobile (Story to be added),Solo Expenses\2026\Iteration 2026 12-December,New,Chhavi,,Pranjal Jindal,Medium,Incomplete,2027 April,,,,,,,,,,,,,
34753,"FM who has set herself as a Delegate for a Delegator , be able to remove themselves as the Delegate. (December)",Solo Expenses\2027\Iteration 2027 03-March,New,Chhavi,,Pranjal Jindal,Small,Incomplete,2027 April,,,,,,,,,,,,,
29592,WEB: Approval/ Finance Approval columns on approval form - can the columns be re-ordered so it stays in memory for future?,Solo Expenses\2027\Iteration 2027 01-Januari,Clarification,Geetika,,Rajesh K,Small,Incomplete,2027 February,,,,,,,,,,,,,
30355,Web : Application should take any size of the logo file and crop it according to the our application requirement,Solo Expenses\2027\Iteration 2027 03-March,Active,Chhavi,,Pranjal Jindal,Small,Incomplete,2027 April,,,,,,,,,,,,,
40215,"WEB: Claimant submitting expenses on Matched receipts, Incompleted Transactions , Expense List and after submitting shown the 'Pending with Approver' which screen - requiring multiple clicks to submit expenses ",Solo Expenses,Clarification,Chhavi,,,Small,Incomplete,2026 August,,,,,,,,,,,,,
32600,Web |Time Based Expense Policy,Solo Expenses\2026\Iteration 2026 12-December,New,Chhavi,,Pranjal Jindal,Small,Incomplete,2027 April,,,,,,,,,,,,,
33844,"WEB | Mileage | Use case 16 | When editing an active rate, clicking on ""Turn on tax rate"" has no effect as it is already enabled by default.",Solo Expenses\2026\Iteration 2026 06-June,Complete,Chhavi,"Nancy, Satyarth, Vineeta",Dhananjai Kalra,Very small,Complete,2026 July,Completed,"Complete
11th June 2026","Complete
11th June 2026",6/16/2026,6/18/2026,7/1/2026,ETA: 15-7-2026,ETA: 16-7-2026,,ETA: 20-7-2026,ETA: 21-7-2026,,
32604,Web |Claimant Listing on web (Additional support for bulk submission) (25099) (Story to be added),Solo Expenses\2027\Iteration 2027 01-Januari,New,Chhavi,,Archana Pandey ,Small,Incomplete,2027 February,,,,,,,,,,,,,
32608,"Web |Department (this is a copy of the Cost centre function, with a different name) (Story to be added)",Solo Expenses\2027\Iteration 2027 03-March,New,Chhavi,,Nitesh Bagdi,Small,Incomplete,2027 April,,,,,,,,,,,,,
34733,WEB | Create Expense - Google Mileage | Use case 13 |  The user is unable to see the Current location option while creating an expense,Solo Expenses\2026\Iteration 2026 06-June,Complete,Chhavi,"Nancy, Satyarth, Vineeta",Dhananjai Kalra,Very small,Complete,2026 July,Completed,"Complete
11th June 2026","Complete
11th June 2026",6/16/2026,6/18/2026,7/1/2026,ETA: 15-7-2026,ETA: 16-7-2026,,ETA: 20-7-2026,ETA: 21-7-2026,,
32682,Mobile | Expense Policy - Hourly Rate Limit + Category changes,Solo Expenses\2027\Iteration 2027 01-Januari,New,Chhavi,,Jyoti Dahiya ,Small,Incomplete,2027 February,,,,,,,,,,,,,
40714,WEB | Credit Card | Dawn Whitehead - Customer Feedback - Finance (finance@hwfpartners.com) | Include the Company Name in the  Credit Card Pending Transactions and on the exported report.,Solo Expenses\2026\Iteration 2026 05-May,Clarification,Geetika,,Rajesh K,Small,Incomplete,2026 August,,,,,,,,,,,,,
32617,Web | Search function (Story to be added),Solo Expenses\2026\Iteration 2026 08-August,New,Geetika,,Arpit Bhardwaj ,Small,Incomplete,2027 April,,,,,,,,,,,,,
32619,"Web |For later - Receipt Number and Invoice number are present on some receipt, while not on some (Story to be added)",Solo Expenses\2027\Iteration 2027 01-Januari,New,Chhavi,,Rajesh K,Small,Incomplete,2027 February,,,,,,,,,,,,,
32688,Web |Export receipts into QB & Tracking Categories (Story to be added),Solo Expenses\2026\Iteration 2026 11-November,New,Geetika,,Rajesh K,Medium,Incomplete,2026 December,Keep in Dec,,,,,,,,,,,,
32634,Web |Expense Escalation- Improvements (Story to be added),Solo Expenses\2026\Iteration 2026 12-December,New,Chhavi,,Nitesh Bagdi,Small,Incomplete,2027 March,,,,,,,,,,,,,
36223,"WEB | Cost Centre | Step 4: Display of Cost Centre Name & Code | We have two codes, Code 1 and Code 2 in the steup of the cost centre we should also have display fields for code 2 as well. (December)",Solo Expenses\2026\Iteration 2026 11-November,New,Chhavi,,Pranjal Jindal,Small,Incomplete,2026 December,,,,,,,,,,,,,
32641,Web - (Phase 4) Category: Option to delete category(Story to be added),Solo Expenses\2027\Iteration 2027 01-Januari,New,Chhavi,,Archana Pandey ,Small,Incomplete,2027 February,,,,,,,,,,,,,
32642,Web |Bulk Delete Cost Centres & Customers through IMPORT,Solo Expenses\2026\Iteration 2026 12-December,Request Estimate,Chhavi,,Dhananjai Kalra,Small,Incomplete,2027 March,,,,,,,,,,,,,
32657,Introducing new functions and New Features introduction when function is subscribed. (Story to be added),Solo Expenses\2026\Iteration 2026 08-August,New,Chhavi,,Arpit Bhardwaj ,Small,Incomplete,2027 April,,,,,,,,,,,,,
38650,WEB | Smart Scan | Matching the closest receipt to a CCC Expense,Solo Expenses\2026\Iteration 2026 06-June,New,Chhavi,"Mayank, Kunal",Dhananjai Kalra,Small,Incomplete,2026 August,,,,,,,,,,,,,
32662,"WEB | After or while deactivating any function (e.g. Multiple Country) using Toggle button, all the fields should get non editable (greyed)(NEED DISCUSSION)",Solo Expenses\2027\Iteration 2027 01-Januari,New,Chhavi,,Archana Pandey ,Small,Incomplete,2027 February,,,,,,,,,,,,,
35095,WEB | Manage Employees | Bulk Deactivate Employees with Deactivation date (December),Solo Expenses\2026\Iteration 2026 11-November,New,Chhavi,,Pranjal Jindal,Small,Incomplete,2026 December,,,,,,,,,,,,,
32667,Web | Tax - Reverse Charge (Story to be added),Solo Expenses\2027\Iteration 2027 01-Januari,New,Geetika,,Rajesh K,Small,Incomplete,2027 April,,,,,,,,,,,,,
32603,Web | Bring into SMB the Billing for Customers for READ ONLY for EOD Platform.  This will then debit the existing card  for the money,Solo Expenses\2027\Iteration 2027 08-August,New,Chhavi,,Archana Pandey ,Medium,Complete,2027 September,,,,,,,,,,,,,
37872,"WEB | Use case 26 | Create Expense | If Cancel is clicked on the FC pop up for odometer reading on the expense form, the expense form for manual mileage goes blank and the expense form resets to blank",Solo Expenses\2026\Iteration 2026 06-June,New,Chhavi,"Nancy, Satyarth, Vineeta",Dhananjai Kalra,Small,Incomplete,2026 August,Completed,,,,,,,,,,,,
32670,Web |Deactivate Employee - based on a Future Date (Story to be added) (December),Solo Expenses\2026\Iteration 2026 11-November,New,Geetika,,Dhananjai Kalra,Small,Incomplete,2026 December,,,,,,,,,,,,,
32675,Web | AI Functions (Story to be added),Solo Expenses\2027\Iteration 2027 03-March,New,Chhavi,,Rajesh K,Small,Incomplete,2027 April,,,,,,,,,,,,,
35824,Android | Customer Issue - Yorkshire Sport | Use case 9 | Error When Selecting Non-Default Vehicle and Claiming for Past Dates,Solo Expenses\2026\Iteration 2026 06-June,Active,Chhavi,"Nancy, Satyarth, Vineeta",Jyoti Dahiya ,Very small,Incomplete,2026 August,,,,,,,,,,,,,
30429,"WEB | Customer Issue - Helen Dutton (Autoclenz) | Users (Martin Ward & Gary Stoner)  has submitted some expenses in the last 3 weeks, but his authoriser hasn't seen them (HOW TO INFORM THAT THE CLAIMANT DELETED THE EXPENSE THEMSELVES? )",Solo Expenses\2026\Iteration 2026 12-December,New,Chhavi,,Archana Pandey ,Small,Incomplete,2027 January,,,,,,,,,,,,,
32215,WEB | All Expense Policies | On click on default grid on headers  of expense policy refreshes the screen and opens dashboard screen,Solo Expenses\2026\Iteration 2026 11-November,Clarification,Chhavi,,Pranjal Jindal,Small,Incomplete,2026 December,,,,,,,,,,,,,
32687,Web | Link to UK HMRC to get mileage rates and auto update EOD (Story to be added),Solo Expenses\2027\Iteration 2027 01-Januari,New,Chhavi,,Nitesh Bagdi,Small,Incomplete,2027 February,,,,,,,,,,,,,
41531,Android  | No Receipt / With Tax / Without Tax - Update the Receipt panel logic and messaging to correctly reflect category settings when “No Receipt Required” is selected,Solo Expenses\2026\Iteration 2026 06-June,Complete,Geetika,"Nancy, Shubham",Sagar Khurana ,Very small,Complete,2026 July,Completed,6/16/2026,6/16/2026,6/16/2026,6/17/2026,7/1/2026,ETA: 15-7-2026,ETA: 16-7-2026,,ETA: 20-7-2026,ETA: 21-7-2026,,
33110,Web | Mileage | Use Case 20 | Not able to see the registration number and make model for default users but they are able to make the expenses and submit them,Solo Expenses\2026\Iteration 2026 06-June,Clarification,Chhavi,"Nancy, Satyarth, Vineeta",Nitesh Bagdi,Small,Incomplete,2026 August,,,,,,,,,,,,,
32699,Web | Convert images into PDF(Story to be added),Solo Expenses\2027\Iteration 2027 01-Januari,New,Geetika,,Archana Pandey ,Small,Incomplete,2027 February,,,,,,,,,,,,,
32666,"Web | DEV | Deputy | When initially Rule is turned on and 2 deputies (1st FM and approver) are assigned to 2nd FM, and rule is switched off, then there should be a notification. (Story to be added)",Solo Expenses\2026\Iteration 2026 12-December,New,Chhavi,,Nitesh Bagdi,Small,Incomplete,2027 January,,,,,,,,,,,,,
32616,"Web |Approver 2nd level improvement(Configure Column, etc) & Column Options - Configure columns on grid (user choice) (Story to be added)",Solo Expenses\2027\Iteration 2027 03-March,New,Geetika,,Arpit Bhardwaj ,Small,Incomplete,2027 April,,,,,,,,,,,,,
39653,"WEB | Tax Rates (Identified During Implementation) - ""Effective From Date” incorrectly shows current date instead of standard past date for newly added tax rates",Solo Expenses\2026\Iteration 2026 06-June,Complete,Geetika,"Nancy, Shubham",Pranjal Jindal,Very small,Not Required,2026 July,Complete,6/15/2026,6/15/2026,NA,NA,7/1/2026,ETA: 15-7-2026,ETA: 16-7-2026,,ETA: 20-7-2026,ETA: 21-7-2026,,It is a very small enhancement
32869,WEB | How do we inform the customer when their emails are blocked that go from ExpenseOnDemand servers,Solo Expenses\2027\Iteration 2027 03-March,Clarification,Chhavi,,Rajesh K,Small,Incomplete,2027 April,,,,,,,,,,,,,
32980,"Web | Pre-Approval, Advance(s), Fuel Card/NR requests - Approval Request(s) should follow a standard Approval flow when Approver is Out of Office",Solo Expenses\2027\Iteration 2027 01-Januari,On Hold,,,Nitesh Bagdi,Small,Incomplete,2027 February,,,,,,,,,,,,,
41532,iOS | No Receipt / With Tax / Without Tax - Update the Receipt panel logic and messaging to correctly reflect category settings when “No Receipt Required” is selected,Solo Expenses\2026\Iteration 2026 06-June,Complete,Geetika,"Nancy, Shubham",Dolly Munjal ,Very small,Complete,2026 July,Completed,6/16/2026,6/16/2026,6/16/2026,6/17/2026,7/1/2026,ETA: 15-7-2026,ETA: 16-7-2026,,ETA: 20-7-2026,ETA: 21-7-2026,,
33113,WEB | Delegate | Use Case 15 | Customer Issue - Theo Vorster <tvorster@wutravels.com> | Customer has turned on Delegate but list to choose Delegator is empty.,Solo Expenses\2027\Iteration 2027 03-March,Request Estimate,Chhavi,,Rajesh K,Small,Incomplete,2027 April,,,,,,,,,,,,,
34981,"Android | Credit Card Policy | Receipts Moved from CCC Receipt list to Cash, and CCC transactions details matching the Cash Expense Submitted by the Claimant",Solo Expenses\2026\Iteration 2026 12-December,New,Chhavi,,Jyoti Dahiya ,Small,Incomplete,2027 March,,,"Complete
11th June 2026",,,,,,,,,,
34982,"iOS | Credit Card | Receipts Moved from CCC Receipt list to Cash, and CCC transactions details matching the Cash Expense Submitted by the Claimant",Solo Expenses\2026\Iteration 2026 12-December,New,Chhavi,,Dolly Munjal ,Small,Incomplete,2027 March,,,,,,,,,,,,,
38833,MOBILE | use case 42 | Display all the items even more than 180 days on the mobile or inform the claimants on the steps on how to view the expenses before 180 days expenses on web,Solo Expenses\2026\Iteration 2026 07-July,New,Chhavi,"Mayank, Kunal",Dolly Munjal ,Small,Incomplete,2026 August,,,,,,,,,,,,,
35649,iOS | Use Case 29 | Foreign Currency | Handling of currency display to the Approver in case the currency of the Claimant is different and Approver's different,Solo Expenses\2026\Iteration 2026 07-July,New,Chhavi,,Dolly Munjal ,Small,Incomplete,2026 August,,,,,,,,,,,,,
38169,Mobile | Smart Scan - Use Case 25 | Adjust Receipt Manually,Solo Expenses\2026\Iteration 2026 07-July,New,Chhavi,,Dolly Munjal ,Small,Incomplete,2026 August,,,,,,,,,,,,,
33380,WEB | Category with no receipt to move into the available templates in Expense Category Management from the current place Step 5 in Tax/No Tax/Without Tax,Solo Expenses\2027\Iteration 2027 01-Januari,Clarification,Geetika,,Shivi Prajapati ,Small,Incomplete,2027 February,,,,,,,,,,,,,
35093,WEB | Slack / Teams Integration with ExpenseOnDemand,Solo Expenses\2026\Iteration 2026 11-November,New,Chhavi,,Pranjal Jindal,Medium,Incomplete,2026 December,Keep in Dec,,,,,,,,,,,,
35096,Optimisation of Employee Wizard,Solo Expenses\2026\Iteration 2026 12-December,New,,,Pranjal Jindal,Medium,Not Required,2027 January,,,,,,,,,,,,,
31504,"(Story to be added) iOS | Approver | The ""View Historical Justification Notes"" section should be displayed for rejection notes entered in the ""Approver Notes"" field, similar to how it is shown on the web.",Solo Expenses\2026\Iteration 2026 07-July,New,Chhavi,,Dolly Munjal ,Small,Incomplete,2026 August,,,,,,,,,,,,,
32772,WEB | Subscribe UX Improvement,Solo Expenses\2027\Iteration 2027 03-March,Request Estimate,Geetika,,Archana Pandey ,Small,Incomplete,2027 April,,,,,,,,,,,,,
31554,IOS | Approver | Credit Card | Credit card information is missing in the expense details form (Story to be added),Solo Expenses\2026\Iteration 2026 07-July,Clarification,Geetika,,Dolly Munjal ,Small,Incomplete,2026 August ,,,,,,,,,,,,,
35178,Integration with whatsapp,Solo Expenses\2026\Iteration 2026 11-November,New,Chhavi,,Pranjal Jindal,Medium,Incomplete,2026 December,Keep in Dec,,,,,,,,,,,,
32668,Web |Not Invited employee to be added in the SETUP area throughout the application + Deleted Employee in Import (Story to be added),Solo Expenses\2026\Iteration 2026 12-December,New,Chhavi,,Nitesh Bagdi,Small,Incomplete,2027 January,,,,,,,,,,,,,
32691,Web | Daily Allowance Policy (Story to be added),Solo Expenses\2026\Iteration 2026 12-December,New,Chhavi,,Nitesh Bagdi,Small,Incomplete,2027 January,,,,,,,,,,,,,
36397,Mobile | Create Expense - Scan | Use Case 27 | Settings of Auto Crop & Snap and Log File,Solo Expenses\2026\Iteration 2026 07-July,New,Chhavi,,Dolly Munjal ,Small,Incomplete,2026 August,,,,,,,,,,,,,
35466,Android | Location - Split into multiple locations,Solo Expenses\2026\Iteration 2026 12-December,New,Geetika,,Jyoti Dahiya ,Medium,Incomplete,2027 March,,,,,,,,,,,,,
35467,iOS | Location - Split into multiple locations,Solo Expenses\2026\Iteration 2026 12-December,New,Geetika,,Dolly Munjal ,Medium,Incomplete,2027 March,,,,,,,,,,,,,
39194,Mobile | Messages still need to be in our branding - this issue exists on both the platforms and needs to be updated,Solo Expenses\2026\Iteration 2026 07-July,Request Estimate,Geetika,,Dolly Munjal ,Small,Incomplete,2026 August,,,,,,,,,,,,,
35725,WEB | Customer Issue - Yorkshire Sport | Use case 9 |  Error When Selecting Non-Default Vehicle and Claiming for Past Dates,Solo Expenses\2026\Iteration 2026 06-June,Active,Chhavi,"Nancy, Satyarth, Vineeta",Nitesh Bagdi,Small,Incomplete,2026 August,,,,,,,,,,,,,
35473,Mobile | Expense Policy Redesign,Solo Expenses\2026\Iteration 2026 12-December,New,Chhavi,,Dolly Munjal ,Medium,Incomplete,2027 March,,,,,,,,,,,,,
34304,WEB: Report Writer: Customer - Fragrance Oils - to have the Payment type hard coded so individually Cash/credit card can be selected or both where needed,Solo Expenses\2026\Iteration 2026 12-December,Clarification,Geetika,,Rajesh K,Small,Incomplete,2027 January,,,,,,,,,,,,,
34523,"WEB | Customer Requirement: Alfred Locnen <alfred.locnen@daiichisankyo.com>| Approver / Finance Approver | The Bulk Actions panel for approving or rejecting expenses in bulk should be narrower, as it currently blocks visibility of the background details.",Solo Expenses\2027\Iteration 2027 03-March,Clarification,Chhavi,,Nitesh Bagdi,Small,Incomplete,2027 April,,,"Complete
11th June 2026",,,,,,,,,,
34980,"WEB | Credit Card Policy | Receipts Moved from CCC Receipt list to Cash, and CCC transactions details matching the Cash Expense Submitted by the Claimant",Solo Expenses\2026\Iteration 2026 12-December,New,Chhavi,,Rajesh K,Small,Incomplete,2027 March,,,"Complete
11th June 2026",,,,,,,,,,
34315,WEB | Customer Issue - Immediate | Customer is getting DOC notification from support.,Solo Expenses\2026\Iteration 2026 12-December,Active,Chhavi,,Nitesh Bagdi,Small,Incomplete,2027 January,,,,,,,,,,,,,
35102,WEB | Policy | In Policy violation give a choice between just an alert v/s requiring a note from the Approvers,Solo Expenses\2026\Iteration 2026 11-November,New,Chhavi,,Nitesh Bagdi,Small,Incomplete,2026 December,,,,,,,,,,,,,
35443,"WEB | Customer | Export PDF Report | If I have updated my logo in the app, why do I still see ExpenseOnDemand's logo on the PDF export report?",Solo Expenses\2027\Iteration 2027 03-March,Clarification,Geetika,,Rajesh K,Small,Incomplete,2027 April,,,,,,,,,,,,,
35461,WEB | AI Use Cases related to mileage | kelly,Solo Expenses\2026\Iteration 2026 12-December,New,Sunil,,Nitesh Bagdi,Small,Incomplete,2027 January,,,,,,,,,,,,,
35469,Web | Recurring expenses function,Solo Expenses\2026\Iteration 2026 12-December,New,Sunil,,Arpit Bhardwaj ,Medium,Complete,2027 March,,,,,,,,,,,,,
35542,WEB | Xero - Automate Expense Categories and Tracking Categories,Solo Expenses\2026\Iteration 2026 11-November,New,Geetika,,Rajesh K,Medium,Incomplete,2026 December,Keep in Dec,,,,,,,,,,,,
35492,WEB | Expense SQL Database to Azure Cosmos DB (ALL TEAM EFFORT),Solo Expenses\2027\Iteration 2027 01-Januari,New,,,Rajesh K,Small,Incomplete,2027 February,,,,,,,,,,,,,
39499,Mobile | Share Receipt (POC has been done),Solo Expenses\2026\Iteration 2026 07-July,New,Chhavi,,Dolly Munjal ,Small,Incomplete,2026 August,,,,,,,,,,,,,
40306,Mobile | iOS | DOC (new design system),Solo Expenses\2026\Iteration 2026 07-July,New,Geetika,,Dolly Munjal ,Small,Incomplete,2026 August,,,,,,,,,,,,,
40308,Mobile | iOS | Deputy (OOO) (new design system),Solo Expenses\2026\Iteration 2026 07-July,New,Geetika,,Dolly Munjal ,Small,Incomplete,2026 August,,,,,,,,,,,,,
40310,Mobile | iOS | My Mileage Rate (new design system),Solo Expenses\2026\Iteration 2026 07-July,New,Geetika,,Dolly Munjal ,Small,Incomplete,2026 August,,,,,,,,,,,,,
35507,"WEB | Policy Violation | Submission Time Limit | In the RECEIPT function, the customer should be able to suspend the function for a given date range",Solo Expenses\2027\Iteration 2027 03-March,New,Chhavi,,Nitesh Bagdi,Small,Incomplete,2027 April,,,,,,,,,,,,,
35690,WEB | Manage Employees - Self Approval Function - Pranjal (use case 11),Solo Expenses\2026\Iteration 2026 12-December,New,Geetika,,Pranjal Jindal,Small,Complete,2027 January,,,,,,,,,,,,,
31505,"(Story to be added) Android | Approver | The ""View Historical Justification Notes"" section should be displayed for rejection notes entered in the ""Approver Notes"" field, similar to how it is shown on the web.",Solo Expenses\2026\Iteration 2026 07-July,New,Chhavi,,Jyoti Dahiya ,Small,Incomplete,2026 August,,,,,,,,,,,,,
35508,WEB | Customer Issue - Winter Flood | Customer reported - They tried running Payment GL Posting report for Jersey entity – no data shown; expenses only appear under Winter Flood Securities report.,Solo Expenses\2026\Iteration 2026 12-December,Clarification,Geetika,,Rajesh K,Small,Incomplete,2027 January,,,,,,,,,,,,,
35678,Web| Open API - Job Numbers Import: Adding job numbers manually causes delays. An automated import system that syncs with their database is highly desired.,Solo Expenses\2026\Iteration 2026 12-December,New,Geetika,,Rajesh K,Small,Incomplete,2027 January,,,,,,,,,,,,,
35689,WEB | Credit Card - Assign Companies to Credit Cards (use case 12 & 13),Solo Expenses\2026\Iteration 2026 12-December,New,Geetika,,Pranjal Jindal,Small,Incomplete,2027 January,,,,,,,,,,,,,
33643,Before token expires we should give alert message that token is about to expire when user is on the same screen. After expiry the app will log out the user.,Solo Expenses\2026\Iteration 2026 07-July,New,Chhavi,,Pranjal Jindal,Small,Incomplete,2026 August,,,,,,,,,,,,,
31555,ANDROID | Approver | Credit Card | Credit card information is missing in the expense details form (Story to be added),Solo Expenses\2026\Iteration 2026 07-July,New,Geetika,,Jyoti Dahiya ,Small,Incomplete,2026 August,,,,,,,,,,,,,
35680,WEB | Simplify the platform's look and feel to match the app's intuitiveness.,Solo Expenses\2026\Iteration 2026 12-December,New,Chhavi,,Shivi Prajapati ,Small,Incomplete,2027 March,,,,,,,,,,,,,
35867,WEB |  | Customer Requirement: Yvonne Evans <yvonne.evans@winterflood.com> | Policy Violation | Bulk Approval for Policy violated expense and suspend the receipt type & submission time limit function,Solo Expenses\2026\Iteration 2026 11-November,New,Chhavi,,Pranjal Jindal,Medium,Incomplete,2026 December,Keep in Dec,,,,,,,,,,,,
36396,WEB | Create Expense - Scan | Use Case 28 | PDF viewer & Search in Saved & Emailed Receipts,Solo Expenses\2026\Iteration 2026 07-July,New,Chhavi,,Pranjal Jindal,Small,Incomplete,2026 August,,,,,,,,,,,,,
35979,Web | Optimize Stored Procedures,Solo Expenses\2026\Iteration 2026 09-September,New,,,Dhananjai Kalra,Small,Not Required,2026 October,,,,,,,,,,,,,
41104,WEB | Integrations - Show loader in the grid when data not visible and takes time to load,Solo Expenses\2026\Iteration 2026 07-July,New,Geetika,,Pranjal Jindal,Small,Incomplete,2026 August,,,,,,,,,,,,,
41106,"WEB | Integrations - Step 5 auto sync panel does not land on auto sync tab automatically when there is no data in ""Required Action""",Solo Expenses\2026\Iteration 2026 07-July,New,Geetika,,Pranjal Jindal,Small,Incomplete,2026 August,,,,,,,,,,,,,
36166,WEB | Customer | PDF Report should have a summary of all the items with the total amount shown being claimed for that report,Solo Expenses\2027\Iteration 2027 03-March,Clarification,Geetika,,Rajesh K,Small,Incomplete,2027 April,,,,,,,,,,,,,
36249,Web | Optimize Stored Procedures Part 2,Solo Expenses\2027\Iteration 2027 01-Januari,New,,,Archana Pandey ,Small,Incomplete,2027 February,,,,,,,,,,,,,
35101,"WEB | Credit Card | In Credit Card, where same date, same supplier and same amount is in multiple transaction - All to club for DUPLICATE Justification Note. [Story Required]",Solo Expenses\2026\Iteration 2026 07-July,New,Geetika,,Rajesh K,Small,Incomplete,2026 August,,,,,,,,,,,,,
40470,"WEB | Integrations - Check connection failures for other integrations like Xero (Disconnection, lock date, etc.)",Solo Expenses\2026\Iteration 2026 07-July,New,Geetika,,Rajesh K,Small,Incomplete,2026 August,,,,,,,,,,,,,
37680,Pdf compression Using GhostScript - December,Solo Expenses\2026\Iteration 2026 12-December,New,Chhavi,,Nitesh Bagdi,Small,Incomplete,2027 January,,,,,,,,,,,,,
32673,Android | Use Case 19 |  Multiple Receipt attachment at a time and Compress image - Phase 2 Enhancement (Clarification) (Story to be added),Solo Expenses\2026\Iteration 2026 07-July,New,Chhavi,,Jyoti Dahiya ,Small,Incomplete,2026 August,,,,,,,,,,,,,
36280,"Web | UX Redirection | Self Setup | When user is directed from Reminder Notification panel to setup page, general notification panel overlaps the setup page",Solo Expenses\2026\Iteration 2026 08-August,New,Geetika,,Pranjal Jindal,Very small,Not Required,2026 September,,,,,,,,,,,,,
36432,Web | Optimize Stored Procedures,Solo Expenses\2027\Iteration 2027 03-March,New,,,Nitesh Bagdi,Small,Incomplete,2027 April,,,,,,,,,,,,,
36333,iOS | Customer Issue - HWF Partners (lucy.hodges@hwfpartners.com) | Split Option Missing for Credit Card Expense Transactions in Entertainment Category.,Solo Expenses\2026\Iteration 2026 12-December,Clarification,Geetika,,Dolly Munjal ,Medium,Incomplete,2027 March,,,,,,,,,,,,,
37899,WEB | Export | Improve filters for export and provide save and share filter -,Solo Expenses\2026\Iteration 2026 11-November,New,Geetika,,Rajesh K,Small,Incomplete,2026 December,,,,,,,,,,,,,
36271,WEB | Scan | Use Case 9 | Notifications for uploaded/scanned receipts,Solo Expenses\2026\Iteration 2026 07-July,New,Chhavi,,Shivi Prajapati ,Small,Incomplete,2026 August,,,,,,,,,,,,,
37950,WEB | Xero - Add Customer as Tracking Category,Solo Expenses\2026\Iteration 2026 09-September,New,Geetika,,Rajesh K,Small,Incomplete,2026 October,,,,,,,,,,,,,
36391,WEB | Create Expense - Scan | Use Case 28 | Matched and Confirmed Receipts transactions Filter to be added into Incomplete CCC transaction list,Solo Expenses\2026\Iteration 2026 08-August,New,Chhavi,,Dhananjai Kalra,Small,Incomplete,2026 September,,,,,,,,,,,,,
36611,WEB | Expense Submission Time Limit | Days Drop down should have a label or placeholder UI looks incomplete.,Solo Expenses\2026\Iteration 2026 08-August,New,Geetika,,Pranjal Jindal,Very small,Not Required,2026 September,,,,,,,,,,,,,
40289,Mobile | Android | Pre-Approval & Advance design (new design system),Solo Expenses\2026\Iteration 2026 07-July,New,Geetika,,Sagar Khurana ,Small,Incomplete,2026 August hotfix,,,,,,,,,,,,,
40291,Mobile | Android | NR & FC design (new design system),Solo Expenses\2026\Iteration 2026 07-July,New,Geetika,,Sagar Khurana ,Small,Incomplete,2026 August hotfix,,,,,,,,,,,,,
38953,WEB | Customer | Cost Centres | Ability to rename the label as required by Customer to display on the claim form.,Solo Expenses\2026\Iteration 2026 11-November,Clarification,Geetika,,Rajesh K,Small,Incomplete,2026 December,,,,,,,,,,,,,
36849,WEB | Attending to Disaster communications to customers - API connection between ExpenseOnDemand and Zoho,Solo Expenses\2026\Iteration 2026 10-October,Request Estimate,Geetika,,Rajesh K,Small,Not Required,2026 November,,,,,,,,,,,,,
37058,WEB | AP Automation (Vendor) (Xero and other Integrations) - Incorrect Vendor option visible in Export with no mapped data available to Proceed with Export. (September),Solo Expenses\2026\Iteration 2026 08-August,Clarification,Geetika,,Nitesh Bagdi,Small,Incomplete,2026 September,,,,,,,,,,,,,
40304,Mobile | iOS | NR & FC design (new design system),Solo Expenses\2026\Iteration 2026 07-July,New,Geetika,,Dolly Munjal ,Small,Incomplete,2026 August Hotfix,,,,,,,,,,,,,
37268,WEB : Zoho Customer Contacts - Need connection between ExpenseOnDemand customer contacts and Zoho Contacts,Solo Expenses\2026\Iteration 2026 10-October,Request Estimate,Geetika,,Rajesh K,Small,Not Required,2026 November,,,,,,,,,,,,,
29743,WEB: Auto - Approval - default policy setup landing screen - Presentation of the text and icon not great presentation,Solo Expenses\2026\Iteration 2026 08-August,New,Geetika,,Arpit Bhardwaj ,Small,Incomplete,2026 September,,,,,,,,,,,,,
37349,Image Compression POC for Web and Mobile (sixLabors.ImageSharp) - November,Solo Expenses\2026\Iteration 2026 12-December,Clarification,Chhavi,,Nitesh Bagdi,Small,Incomplete,2027 January,,,,,,,,,,,,,
40305,Mobile | iOS | Pre-Approval & Advance design (new design system),Solo Expenses\2026\Iteration 2026 07-July,New,Geetika,,Dolly Munjal ,Small,Incomplete,2026 August hotfix,,,,,,,,,,,,,
35647,Android | Use Case 29 | Foreign Currency | Handling of currency display to the Approver in case the currency of the Claimant is different and Approver's different,Solo Expenses\2026\Iteration 2026 07-July,New,Chhavi,,Sagar Khurana ,Small,Incomplete,2026 August,,,,,,,,,,,,,
32676,Web | Custom option to be added in the Year end rule - Add 2 calendars for Start and End (Story to be added),Solo Expenses\2026\Iteration 2026 08-August,New,Geetika,,Dhananjai Kalra,Small,Incomplete,2026 September,,,,,,,,,,,,,
37915,WEB | Customer Issue - Mary Boyle (M.Boyle@erhardt-leimer.com)| Finance Approval - Matthew Rust 2 items can't be split using the Receipts with multiple tax rates,Solo Expenses\2026\Iteration 2027 02-February,Clarification,Geetika,,Archana Pandey ,Small,Incomplete,2027 March,,,,,,,,,,,,,
37548,WEB | Enhancement - Self Setup (Near Zero Touch) - Remaining use cases,Solo Expenses\2026\Iteration 2026 11-November,Clarification,Geetika,,Nitesh Bagdi,Medium,Incomplete,2026 December,Keep in Dec,,,,,,,,,,,,
37938,Web | AI Receipt Analysis: Automatically identify Alcohol and Tobacco items in receipts using AI and flag them as policy violations.,Solo Expenses\2027\Iteration 2027 02-Februari,New,Chhavi,,Rajesh K,Small,Incomplete,2027 March,,,,,,,,,,,,,
36526,WEB | Expense Category Management | Validation in Import needs to be added,Solo Expenses\2026\Iteration 2026 08-August,New,Chhavi,,Pranjal Jindal,Small,Incomplete,2026 September,,,,,,,,,,,,,
39950,"WEB | The amount in the application will be displayed with commas - Example: 9,00,000",Solo Expenses\2026\Iteration 2026 08-August,New,Chhavi,,Shivi Prajapati ,Small,Incomplete,2026 September,,,,,,,,,,,,,
41015,WEB | Credit Card - Importing PDF Credit Card Statement,Solo Expenses\2026\Iteration 2026 07-July,New,Geetika,,Rajesh K,Small,Incomplete,2026 August,,,,,,,,,,,,,
37143,"WEB | Essential Pack - Advance - Setup | The text ' To disable this feature, please unsubscribe' needs to be changed as Advance is now part of the Essential Pack and not an individual feature / function",Solo Expenses\2026\Iteration 2026 09-September,Clarification,Geetika,,Shivi Prajapati ,Small,Incomplete,2026 October,,,,,,,,,,,,,
33480,Foreign Exchange | Step 1 - Setup Rule: 'Option 1: Allow Claimants to enter Rate' becomes un-selectable if another option is selected (October),Solo Expenses\2026\Iteration 2026 09-September,Clarification,Chhavi,,Arpit Bhardwaj ,Small,Incomplete,2026 October,,,,,,,,,,,,,
37907,Web |Export receipts into QB Desktop & Tracking Categories (Story to be added),Solo Expenses\2026\Iteration 2026 11-November,New,Geetika,,Rajesh K,Medium,Incomplete,2026 December,Keep in Dec,,,,,,,,,,,,
37909,Android | Customer Issue - HWF Partners (lucy.hodges@hwfpartners.com) | Split Option Missing for Credit Card Expense Transactions in Entertainment Category,Solo Expenses\2026\Iteration 2026 12-December,New,Geetika,,Jyoti Dahiya ,Medium,Incomplete,2027 March,,,,,,,,,,,,,
39027,"WEB | Use case 8 | Onboarding & login story | On Expense Form, Show Invite Employee Panel",Solo Expenses\2027\Iteration 2027 03-March,New,Chhavi,,Shivi Prajapati ,Small,Incomplete,2027 April,,,,,,,,,,,,,
35099,"WEB | Deputy | When the Approver is no more an Approver or leaves the company, remove name from the Deputy list on all platforms. (September)",Solo Expenses\2027\Iteration 2027 03-March,Clarification,Chhavi,,Nitesh Bagdi,Small,Incomplete,2027 April,,,,,,,,,,,,,
35677,Web | Policy - The current system flags unnecessary violations. Customers would prefer the ability to customise or disable them entirely.  Submission time limit.,Solo Expenses\2027\Iteration 2027 03-March,New,Geetika,,Nitesh Bagdi,Small,Incomplete,2027 April,,,,,,,,,,,,,
35588,WEB | Use Case 29| Foreign Currency | Handling of currency display to the Approver in case the currency of the Claimant is different and Approver's different (October),Solo Expenses\2027\Iteration 2027 03-March,New,Chhavi,,Dhananjai Kalra,Small,Incomplete,2027 April,,,,,,,,,,,,,
40293,Mobile | Android | Deputy (OOO) (new design system),Solo Expenses\2026\Iteration 2026 07-July,New,Geetika,,Sagar Khurana ,Small,Incomplete,2026 August,,,,,,,,,,,,,
40294,Mobile | Android | DOC (new design system),Solo Expenses\2026\Iteration 2026 07-July,New,Geetika,,Sagar Khurana ,Small,Incomplete,2026 August,,,,,,,,,,,,,
40295,Mobile | Android | My Mileage Rate (new design system),Solo Expenses\2026\Iteration 2026 07-July,New,Geetika,,Sagar Khurana ,Small,Incomplete,2026 August,,,,,,,,,,,,,
32605,Web | Use Case 18 | Setup Rates & Calculation Method UI Update,Solo Expenses\2027\Iteration 2027 03-March,New,Chhavi,,Dhananjai Kalra,Small,Incomplete,2027 April,,,,,,,,,,,,,
41052,Web | Expense Policies (Auto Approval) | HWF Partners -  Feedback request - Set Auto Approval by Payment type-  Enable Auto-Approval Rules Based on Payment Type and Amount,Solo Expenses\2027\Iteration 2027 02-Februari,New,Geetika,,Pranjal Jindal,Small,Incomplete,2027 March,,,,,,,,,,,,,
35471,"WEB | Administrator Priviliges | When a new function is added, it must be linked to the Admin Privileges function (December)",Solo Expenses\2027\Iteration 2027 03-March,New,Chhavi,,Arpit Bhardwaj ,Very small,Incomplete,2027 April,,,,,,,,,,,,,
38637,WEB & Mobile | Use case 34 | Smart Scan | Entertainment category expense can be used to improve AI scan result where we scan the receipt for other charges such as tips.,Solo Expenses\2026\Iteration 2026 11-November,New,Chhavi,,Rajesh K,Very small,Incomplete,2026 December,,,"Complete
11th June 2026",,,,,,,,,,
32655,Web | Business Purpose (Phase 4)|  Blank Business purpose field and additional fields is being displayed to The FM even after the rule is disabled.' (Story to be added),Solo Expenses\2026\Iteration 2026 08-August,New,Chhavi,,Arpit Bhardwaj ,Very small,Incomplete,2027 April,,,,,,,,,,,,,
35541,WEB | Multi - Company - Give an option to select the expense categories company-wise and those will be visible in respective companies in Xero for mapping (September),Solo Expenses\2026\Iteration 2026 08-August,New,Geetika,,Arpit Bhardwaj ,Small,Complete,2026 September,,,,,,,,,,,,,
33330,WEB | SSO | Use Case 6 & 7 | What is SSO?,Solo Expenses\2027\Iteration 2027 03-March,New,Chhavi,,Pranjal Jindal,Very small,Incomplete,2027 April,,,,,,,,,,,,,
34422,"WEB | Customer issue - City | Use case 31|  Claimant - Zambrano Navarro is unable to submit expense, tried suggested troubleshooting steps as well.",Solo Expenses\2027\Iteration 2027 03-March,Clarification,Chhavi,,Dhananjai Kalra,Very small,Incomplete,2027 April,,,"Complete
11th June 2026",,,,,,,,,,
36263,WEB | Profile | Use Case 6 | Upgrade Plan Phase 2,Solo Expenses\2026\Iteration 2026 12-December,New,Chhavi,,Archana Pandey ,Very small,Incomplete,2027 March,,,,,,,,,,,,,
40588,Mobile | Smart Scan | Matching the closest receipt to a CCC Expense,Solo Expenses\2026\Iteration 2026 07-July,New,Chhavi,"Mayank, Kunal",Dolly Munjal ,Very small,Incomplete,2026 August,,,,,,,,,,,,,
39029,Mobile | Customer Issue - Claudia Hutchings <Linaker> | Use case 12 | Some Employees Can't Delete Their Vehicle and Add the New One. - Copy,Solo Expenses\2026\Iteration 2026 07-July,New,Chhavi,"Satyarth,Nancy,Vineeta",Dolly Munjal ,Very small,Incomplete,2026 August,,,,,,,,,,,,,
36273,iOS | Scan | Use Case 9 | Notifications for uploaded/scanned receipts,Solo Expenses\2026\Iteration 2026 07-July,New,Chhavi,,Dolly Munjal ,Very small,Incomplete,2026 August,,,,,,,,,,,,,
38684,Mobile | Use case 32 | Group Push Notifications,Solo Expenses\2026\Iteration 2026 07-July,New,Chhavi,,Dolly Munjal ,Very small,Incomplete,2026 August,,,,,,,,,,,,,
35155,Mobile | PRE-APPROVAL | Alert Messages to be Provided to the Claimant,Solo Expenses\2026\Iteration 2026 07-July,New,Chhavi,,Dolly Munjal ,Very small,Incomplete,2026 August,,,,,,,,,,,,,
36734,iOS | Scan | Use Case 31 | Big Sized Image/PDF Upload and Compress Image,Solo Expenses\2026\Iteration 2026 07-July,New,Chhavi,,Dolly Munjal ,Very small,Incomplete,2026 August,,,,,,,,,,,,,
36264,WEB | Profile | Use Case 8 |  Icons to be updated to Golden for left hand menu,Solo Expenses\2026\Iteration 2026 12-December,Active,Chhavi,,Archana Pandey ,Very small,Incomplete,2027 March,,,,,,,,,,,,,
36265,WEB |  Profile | Use Case 9 | New Component for Add Receipt for Request a New Feature screen,Solo Expenses\2026\Iteration 2026 12-December,New,Chhavi,,Archana Pandey ,Very small,Incomplete,2027 March,,,,,,,,,,,,,
36266,WEB |  Profile | Use Case 10 | Add Version History In Sub Manager,Solo Expenses\2026\Iteration 2026 12-December,New,Chhavi,,Archana Pandey ,Very small,Incomplete,2027 March,,,,,,,,,,,,,
38683,Mobile | Smart Scan | Use case 40 | Widget,Solo Expenses\2026\Iteration 2026 07-July,New,Chhavi,,Dolly Munjal ,Very small,Incomplete,2026 August,,,,,,,,,,,,,
36272,Android | Scan | Use Case 9 | Notifications for uploaded/scanned receipts,Solo Expenses\2026\Iteration 2026 07-July,New,Chhavi,,Jyoti Dahiya ,Very small,Incomplete,2026 August,,,,,,,,,,,,,
36308,WEB | Profile - Use Case 7 | Re-Register option should be displayed in the profile,Solo Expenses\2026\Iteration 2026 12-December,Active,Chhavi,,Archana Pandey ,Very small,Incomplete,2027 March,,,,,,,,,,,,,
37000,"WEB | Credit Card - On Dashboard, Completed Transactions Export - Column should  contain Actual Completed Transactions column and total on the Dashboard grid",Solo Expenses\2027\Iteration 2027 03-March,Clarification,Geetika,,Rajesh K,Very small,Incomplete,2027 April,,,,,,,,,,,,,
38421,WEB | Login Page (QA Suggestion for review) | Login button should enable after 8 characters entered to match minimum password criteria,Solo Expenses\2027\Iteration 2027 01-Januari,Dev Complete,Chhavi,,Pranjal Jindal,Very small,Incomplete,2027 February,,,,,,,,,,,,,
33800,WEB | Create Expense | Alex Lewis <alex.lewis@thejargongroup.com> | Customer is unable to submit the Expense for mileage category,Solo Expenses\2026\Iteration 2026 12-December,Clarification,Chhavi,,Nitesh Bagdi,Very small,Incomplete,2027 January,,,,,,,,,,,,,
33891,Web | Expense Policy | Loader should be shown inside Expense Policy Dashboard while its loading,Solo Expenses\2026\Iteration 2026 12-December,New,Geetika,,Nitesh Bagdi,Very small,Incomplete,2027 January,,,,,,,,,,,,,
35540,"WEB | Export Report - In case of separator, give an option to the FM to select if they want """" double quotes in the file",Solo Expenses\2026\Iteration 2026 11-November,New,Geetika,,Rajesh K,Very small,Incomplete,2026 December,,,,,,,,,,,,,
35592,"WEB | Finance Approver - Provide an option to the FM in the dropdown to select ""Enter VAT Amount Manually"" and edit the rate for that expense",Solo Expenses\2026\Iteration 2026 11-November,New,Geetika,,Nitesh Bagdi,Very small,Incomplete,2026 December,,,,,,,,,,,,,
32749,Mobile | Deputy | Unable to Delete the Deputy if I only have 2 Deputies assigned.,Solo Expenses\2026\Iteration 2026 08-August,Clarification,Geetika,,Jyoti Dahiya ,Small,Incomplete,2026 September,,,,,,,,,,,,,
35640,iOS | SSO | Use Case 8 | What is SSO?,Solo Expenses\2026\Iteration 2026 08-August,New,Chhavi,,Dolly Munjal ,Small,Incomplete,2026 September,,,,,,,,,,,,,
35641,Android | SSO | Use Case 8 | What is SSO?,Solo Expenses\2026\Iteration 2026 08-August,Active,Chhavi,,Jyoti Dahiya ,Small,Incomplete,2026 September,,,,,,,,,,,,,
35642,Android | MFA | Use Case 4 & 7 | What is MFA?,Solo Expenses\2026\Iteration 2026 08-August,Active,Chhavi,,Jyoti Dahiya ,Small,Incomplete,2026 September,,,,,,,,,,,,,
35643,iOS | MFA | Use Case 4 & 7 | What is MFA?,Solo Expenses\2026\Iteration 2026 08-August,Active,Chhavi,,Dolly Munjal ,Small,Incomplete,2026 September,,,,,,,,,,,,,
35675,Web | Export - Logs and Visibility: They find it cumbersome to track all receipts and imports manually. They want improved visibility and assurance that nothing is missing.,Solo Expenses\2026\Iteration 2026 11-November,New,Geetika,,Rajesh K,Very small,Incomplete,2026 December,,,,,,,,,,,,,
35974,WEB | Expense Policy | Policies should be displayed in alphabetical order so they can easily be found,Solo Expenses\2026\Iteration 2026 11-November,Clarification,Geetika,,Nitesh Bagdi,Very small,Incomplete,2026 December,,,,,,,,,,,,,
36262,WEB | Profile | Use Case 8 | Plan Details Panel for Enterprise Plan Customers,Solo Expenses\2026\Iteration 2026 12-December,New,Chhavi,,Archana Pandey ,Very small,Incomplete,2027 January,,,,,,,,,,,,,
40436,"Xero | We should show ""Linked to XERO"" one contact is found in XERO.",Solo Expenses\2026\Iteration 2026 07-July,New,Geetika,,Rajesh K,Small,Not Required,2026 August,,,,,,,,,,,,,
39951,"Mobile | The amount in the application will be displayed with commas - Example: 9,00,000",Solo Expenses\2026\Iteration 2026 08-August,New,Chhavi,,Dolly Munjal ,Small,Incomplete,2026 September,,,,,,,,,,,,,
37877,WEB | Create Expense | Overlay to be shown on the Operational Information screen (Related to DOC),Solo Expenses\2026\Iteration 2026 12-December,New,Chhavi,,Nitesh Bagdi,Very small,Incomplete,2027 January,,,,,,,,,,,,,
38638,WEB | Smart Scan | Use Case 35 | Identify CCC Receipts after scanning receipts with payment type as credit card and then clasify them as CCC receipts.,Solo Expenses\2026\Iteration 2026 11-November,New,Chhavi,,Rajesh K,Very small,Incomplete,2026 December,,,,,,,,,,,,,
39612,WEB | Xero (Category Field - Description) | Customer Issue - HWF Partners - Dawn Whitehead (finance@hwfpartners.com) | Custom Fields not being displayed in the Configure Description Field in XERO,Solo Expenses\2026\Iteration 2026 11-November,Clarification,Geetika,,Rajesh K,Very small,Incomplete,2026 December,,,,,,,,,,,,,
39644,WEB | Expense Category Management | Unable to see the names of the Tax,Solo Expenses\2026\Iteration 2026 12-December,Clarification,Geetika,,Nitesh Bagdi,Very small,Incomplete,2027 January,,,,,,,,,,,,,
37871,"WEB | Use case 25 | Expense Category Management | Use case 25 | When the Google Mileage category and Google Calls package is unsubscribed, and the manual mileage category is added - it is not visible in the category listing",Solo Expenses\2026\Iteration 2026 06-June,Clarification,Chhavi,"Nancy, Satyarth, Vineeta",Nitesh Bagdi,Very small,Incomplete,2026 August,Completed,,,,,,,,,,,,
40980,WEB | 37583 | UX Improvement – Restructure Delete Test Data Screen for Better Information Hierarchy,Solo Expenses\2026\Iteration 2026 12-December,Clarification,Chhavi,,Shivi Prajapati ,Very small,Incomplete,2027 January,,,,,,,,,,,,,
39424,Web | Use case 4 | Mileage (Fuel Card) | Customer Issue (Schuetz) - User struggling to understand / use the mileage data in the system -  Inform the user why are we displaying 0.00 and how to fix it (Fuel card dashboard enhancement) [Chhavi- Please discuss],Solo Expenses\2027\Iteration 2027 03-March,New,Chhavi,,Nitesh Bagdi,Very small,Complete,2027 April,,,,,,,,,,,,,
31815,WEB | Customer Issue - Claudia Hutchings <Linaker> | Use case 12 | Some Employees Can't Delete Their Vehicle and Add the New One.,Solo Expenses\2026\Iteration 2026 06-June,Active,Chhavi,"Nancy, Satyarth, Vineeta",Nitesh Bagdi,Very small,Incomplete,2026 August,,,,,,,,,,,,,
36799,WEB | Your Organisation | Multiple Companies | Accounting code to company | User is getting an Alert message even after accounting codes are assigned to all Active expense categories (September),Solo Expenses\2026\Iteration 2026 08-August,Active,Chhavi,,Archana Pandey ,Very small,Incomplete,2026 September,,,,,,,,,,,,,
41105,"WEB | Integrations - For wizards, overlay background colour - Panels with overlapped panel's view",Solo Expenses\2026\Iteration 2026 07-July,New,Geetika,,Gagandeep Kaur ,Small,Not Required,2026 August,,,,,,,,,,,,,
40921,WEB | Expense Categories | Import Template — Accounting/Cost Codes do not update correctly after a successful import,Solo Expenses\2026\Iteration 2026 07-July,Request Estimate,Geetika,,Archana Pandey ,Very small,Incomplete,2026 August,,,,,,,,,,,,,
41107,WEB | Integrations - Tooltip text for error records text display should be left aligned - to be consistent with the app,Solo Expenses\2026\Iteration 2026 07-July,New,Geetika,,Gagandeep Kaur ,Small,Not Required,2026 August,,,,,,,,,,,,,
33712,Mobile | Customer Issue - Mate Racz (marton.racz@city.ac.uk) | Customer can only use a comma in the exchange rate field.,Solo Expenses\2026\Iteration 2026 09-September,Clarification,Geetika,,Dolly Munjal ,Small,Incomplete,2026 October,,,,,,,,,,,,,
31540,Web | Import Employees | Trial Pack | Import fails if the sheet contains 100 employees including existing ones for trial users,Solo Expenses\2027\Iteration 2027 03-March,Clarification,Chhavi,,Dhananjai Kalra,Very small,Incomplete,2027 April,,,,,,,,,,,,,
33331,"WEB | MFA | Use Case 3, 5 & 6 | What is MFA?",Solo Expenses\2026\Iteration 2026 08-August,New,Chhavi,,Pranjal Jindal,Very small,Incomplete,2026 September,,,,,,,,,,,,,
36270,WEB | Scan | Use Case 5 | Emailed Receipt email changes (Confirmation/Success/Failure),Solo Expenses\2026\Iteration 2026 08-August,New,Chhavi,,Dhananjai Kalra,Very small,Incomplete,2026 September,,,,,,,,,,,,,
37386,"WEB | Export - Roll back expenses: Add a Filter like 3, 6, 9, 12, 24, 36, ALL months",Solo Expenses\2026\Iteration 2026 08-August,New,Geetika,,Pranjal Jindal,Very small,Incomplete,2026 October,,,,,,,,,,,,,
38188,"WEB | Duplicate Checker | UI Enhancement: Update visual state of ""Receipt Number Capture"" toggle to reflect ""Read-Only"" status",Solo Expenses\2026\Iteration 2026 08-August,New,Geetika,,Nitesh Bagdi,Very small,Incomplete,2026 September,,,,,,,,,,,,,
38451,"WEB & Mobile | Use Case 7 | Mileage | Web & Mobile: Internal Feedback- If no Vehicle type is setup, send notification to FM",Solo Expenses\2026\Iteration 2026 09-September,New,Chhavi,,Dhananjai Kalra,Small,Complete,2026 October,,,"Complete
11th June 2026",,,,,,,,,,
31314,WEB | Use Case 4 | Notification | Vehicle approval| Finance Manager is directed to mileage rates page instead of the concerned step (step 4.2) when user clicks on the view settings button from notifications,Solo Expenses\2026\Iteration 2026 09-September,New,Chhavi,,Nitesh Bagdi,Very small,Complete,2026 October,,,,,,,,,,,,,
41806,Enhancement 41806: WEB | Foreign Exchange Grid | Lazy loading to be implemented,Solo Expenses\2026\Iteration 2026 06-June,Active,Chhavi,"Mayank,Nitin, Vineeta",Shivi Prajapati ,Very small,Incomplete,2026 August,"Inprogress
Dev complete: 
By tomorrow shivi will provide the date (25th June)",,,,,,,,,,,,"We will fix the feedbacks related to UI and lazy loading with this enhancement. 

Create separate enhancement for panel redesign for August release - Shivi will work on it after the lazy loading.

Not valid as change in release date from July to August: Discussed with Sunita and the team on the status call, This item will be available in the second deployment"
